[
    {
        "model": "auth.user",
        "pk": 1,
        "fields": {
            "password": "pbkdf2_sha256$216000$eFUUjVJRklGo$kgHDKYDmCzqU7SkzJmigSAdTJRpe7yJEgqXduFznZ/w=",
            "last_login": "2020-11-14T17:25:30.402Z",
            "is_superuser": true,
            "username": "admin",
            "first_name": "Administrator",
            "last_name": "",
            "email": "",
            "is_staff": true,
            "is_active": true,
            "date_joined": "2020-11-13T20:44:44Z",
            "groups": [],
            "user_permissions": []
        }
    },
    {
        "model": "sessions.session",
        "pk": "u8ls6n1vbadzvy8rk0wwpdg1dvs4go5r",
        "fields": {
            "session_data": ".eJxVjEEOwiAQRe_C2hCGwpS6dO8ZCMyAVA0kpV0Z765NutDtf-_9l_BhW4vfelr8zOIsQJx-txjokeoO-B7qrUlqdV3mKHdFHrTLa-P0vBzu30EJvXxrgzGqzNPkDBCrjKiicaPJhE6nQTkElxNRYCBUlq1LdhgBAbJG1CTeH99vN3o:1kdzIo:1kPiWULBncqEw8Fx7TyuShfwQqT0yKV_Mb6MW55vgWc",
            "expire_date": "2020-11-28T17:25:30.405Z"
        }
    },
    {
        "model": "accounts.profile",
        "pk": 1,
        "fields": {
            "user": [
                "admin"
            ],
            "profile_image": "accounts/images/default.jpg"
        }
    },
    
    {
        "model": "championships.championship",
        "pk": 2,
        "fields": {
            "name": "Croatian Drift Challenge",
            "club_count": null,
            "club_position": null,
            "description": "",
            "location": "Mičevec",
            "image": "champtionships/images/Cdc-2020-rd1-9manja.jpg",
            "start_date": "2020-09-06",
            "end_date": "2020-09-06",
            "city": 9,
            "organizer": 1,
            "gallery": null,
            "championship_type": 1
        }
    },
    {
        "model": "championships.championship",
        "pk": 3,
        "fields": {
            "name": "11. Nagrada grada Skradina",
            "club_count": 34,
            "club_position": 13,
            "description": null,
            "location": "Skradin",
            "image": "champtionships/images/11_skradin.jpeg",
            "start_date": "2017-05-13",
            "end_date": "2017-05-14",
            "city": 365,
            "organizer": 1,
            "gallery": null,
            "championship_type": 2
        }
    },
    {
        "model": "championships.championship",
        "pk": 6,
        "fields": {
            "name": "Formula Driver",
            "club_count": 34,
            "club_position": 13,
            "description": null,
            "location": "Pula",
            "image": "champtionships/images/formula-driver_lDjgAuO.png",
            "start_date": "2017-01-01",
            "end_date": "2017-12-31",
            "city": 475,
            "organizer": 4,
            "gallery": null,
            "championship_type": 3
        }
    },
    {
        "model": "championships.championship",
        "pk": 7,
        "fields": {
            "name": "Croatian Drift Challenge",
            "club_count": 30,
            "club_position": 8,
            "description": null,
            "location": "Mičevec",
            "image": "champtionships/images/Cdc_2018_rd3_Large.jpg",
            "start_date": "2018-05-13",
            "end_date": "2018-05-13",
            "city": 9,
            "organizer": 1,
            "gallery": null,
            "championship_type": 1
        }
    },
    {
        "model": "championships.championship",
        "pk": 8,
        "fields": {
            "name": "Formula Driver",
            "club_count": 30,
            "club_position": 8,
            "description": null,
            "location": "Pula",
            "image": "champtionships/images/formula-driver_lwVTSvO.png",
            "start_date": "2018-01-01",
            "end_date": "2018-12-31",
            "city": 475,
            "organizer": 4,
            "gallery": null,
            "championship_type": 3
        }
    },
    {
        "model": "championships.championshiptype",
        "pk": 1,
        "fields": {
            "name": "Prvenstvo Hrvatske"
        }
    },
    {
        "model": "championships.championshiptype",
        "pk": 2,
        "fields": {
            "name": "Centralno Europska Zona"
        }
    },
    {
        "model": "championships.championshiptype",
        "pk": 3,
        "fields": {
            "name": "Formula Driver"
        }
    },
    {
        "model": "championships.category",
        "pk": 2,
        "fields": {
            "name": 3,
            "championship_type": 1
        }
    },
    {
        "model": "championships.category",
        "pk": 3,
        "fields": {
            "name": 1,
            "championship_type": 2
        }
    },
    {
        "model": "championships.category",
        "pk": 4,
        "fields": {
            "name": 2,
            "championship_type": 3
        }
    },
    {
        "model": "championships.subcategory",
        "pk": 1,
        "fields": {
            "name": "Kategorija I",
            "category": 3
        }
    },
    {
        "model": "championships.subcategory",
        "pk": 2,
        "fields": {
            "name": "Kategorija II",
            "category": 3
        }
    },
    {
        "model": "championships.subcategory",
        "pk": 3,
        "fields": {
            "name": "Klasa 1 - N/1400",
            "category": 3
        }
    },
    {
        "model": "championships.subcategory",
        "pk": 4,
        "fields": {
            "name": "Klasa 2 - N/1600",
            "category": 3
        }
    },
    {
        "model": "championships.subcategory",
        "pk": 5,
        "fields": {
            "name": "Klasa 3 - N/2000",
            "category": 3
        }
    },
    {
        "model": "championships.subcategory",
        "pk": 6,
        "fields": {
            "name": "Klasa 4 - N/2000+",
            "category": 3
        }
    },
    {
        "model": "championships.subcategory",
        "pk": 7,
        "fields": {
            "name": "Klasa 6 - A/1400",
            "category": 3
        }
    },
    {
        "model": "championships.subcategory",
        "pk": 8,
        "fields": {
            "name": "Klasa 7 - A/1600",
            "category": 3
        }
    },
    {
        "model": "championships.subcategory",
        "pk": 9,
        "fields": {
            "name": "Klasa 8 - A/2000",
            "category": 3
        }
    },
    {
        "model": "championships.subcategory",
        "pk": 10,
        "fields": {
            "name": "Klasa 11- E1/1400 moto",
            "category": 3
        }
    },
    {
        "model": "championships.subcategory",
        "pk": 11,
        "fields": {
            "name": "Klasa 14  - E1/1400",
            "category": 3
        }
    },
    {
        "model": "championships.subcategory",
        "pk": 12,
        "fields": {
            "name": "Klasa 15 - E1/1600",
            "category": 3
        }
    },
    {
        "model": "championships.subcategory",
        "pk": 13,
        "fields": {
            "name": "Klasa 16 - E1/2000",
            "category": 3
        }
    },
    {
        "model": "championships.subcategory",
        "pk": 14,
        "fields": {
            "name": "Klasa 17 - E1/2500",
            "category": 3
        }
    },
    {
        "model": "championships.subcategory",
        "pk": 15,
        "fields": {
            "name": "Klasa 19 - C,CN,C3,D,E/2000",
            "category": 3
        }
    },
    {
        "model": "championships.subcategory",
        "pk": 16,
        "fields": {
            "name": "Klasa 20 - C,CN,C3,D,E/3000",
            "category": 3
        }
    },
    {
        "model": "championships.subcategory",
        "pk": 17,
        "fields": {
            "name": "Klasa 23 - E1,GT,WRC/6500",
            "category": 3
        }
    },
    {
        "model": "championships.subcategory",
        "pk": 18,
        "fields": {
            "name": "Vozačice",
            "category": 4
        }
    },
    {
        "model": "championships.subcategory",
        "pk": 19,
        "fields": {
            "name": "Juniori",
            "category": 4
        }
    },
    {
        "model": "championships.subcategory",
        "pk": 20,
        "fields": {
            "name": "Klasa 1",
            "category": 4
        }
    },
    {
        "model": "championships.subcategory",
        "pk": 21,
        "fields": {
            "name": "Klasa 2",
            "category": 4
        }
    },
    {
        "model": "championships.subcategory",
        "pk": 22,
        "fields": {
            "name": "Klasa 3",
            "category": 4
        }
    },
    {
        "model": "championships.subcategory",
        "pk": 23,
        "fields": {
            "name": "Klasa 4",
            "category": 4
        }
    },
    {
        "model": "championships.subcategory",
        "pk": 24,
        "fields": {
            "name": "Klasa 5",
            "category": 4
        }
    },
    {
        "model": "championships.subcategory",
        "pk": 25,
        "fields": {
            "name": "Klasa 6",
            "category": 4
        }
    },
    {
        "model": "championships.subcategory",
        "pk": 26,
        "fields": {
            "name": "Klasa 7",
            "category": 4
        }
    },
    {
        "model": "championships.subcategory",
        "pk": 27,
        "fields": {
            "name": "General",
            "category": 2
        }
    },
    {
        "model": "drivers.driversubcategoryposition",
        "pk": 8,
        "fields": {
            "position": 1,
            "subcategory": 1,
            "driver": 8,
            "championship": 3
        }
    },
    {
        "model": "drivers.driversubcategoryposition",
        "pk": 9,
        "fields": {
            "position": 25,
            "subcategory": 24,
            "driver": 3,
            "championship": 6
        }
    },
    {
        "model": "drivers.driversubcategoryposition",
        "pk": 10,
        "fields": {
            "position": 3,
            "subcategory": 27,
            "driver": 3,
            "championship": 7
        }
    },
    {
        "model": "drivers.driversubcategoryposition",
        "pk": 11,
        "fields": {
            "position": 5,
            "subcategory": 27,
            "driver": 7,
            "championship": 7
        }
    },
    {
        "model": "drivers.driversubcategoryposition",
        "pk": 12,
        "fields": {
            "position": 6,
            "subcategory": 27,
            "driver": 6,
            "championship": 7
        }
    },
    {
        "model": "drivers.driversubcategoryposition",
        "pk": 13,
        "fields": {
            "position": 8,
            "subcategory": 27,
            "driver": 10,
            "championship": 7
        }
    },
    {
        "model": "drivers.driversubcategoryposition",
        "pk": 14,
        "fields": {
            "position": 1,
            "subcategory": 19,
            "driver": 9,
            "championship": 8
        }
    },
    {
        "model": "drivers.driversubcategoryposition",
        "pk": 15,
        "fields": {
            "position": 3,
            "subcategory": 19,
            "driver": 5,
            "championship": 8
        }
    },
    {
        "model": "drivers.driversubcategoryposition",
        "pk": 16,
        "fields": {
            "position": 5,
            "subcategory": 19,
            "driver": 10,
            "championship": 8
        }
    },
    {
        "model": "drivers.driversubcategoryposition",
        "pk": 17,
        "fields": {
            "position": 3,
            "subcategory": 18,
            "driver": 13,
            "championship": 8
        }
    },
    {
        "model": "drivers.driversubcategoryposition",
        "pk": 18,
        "fields": {
            "position": 4,
            "subcategory": 18,
            "driver": 1,
            "championship": 8
        }
    },
    {
        "model": "drivers.driversubcategoryposition",
        "pk": 19,
        "fields": {
            "position": 5,
            "subcategory": 21,
            "driver": 9,
            "championship": 8
        }
    },
    {
        "model": "drivers.driversubcategoryposition",
        "pk": 20,
        "fields": {
            "position": 14,
            "subcategory": 21,
            "driver": 3,
            "championship": 8
        }
    },
    {
        "model": "drivers.driversubcategoryposition",
        "pk": 21,
        "fields": {
            "position": 16,
            "subcategory": 21,
            "driver": 10,
            "championship": 8
        }
    },
    {
        "model": "drivers.driversubcategoryposition",
        "pk": 22,
        "fields": {
            "position": 10,
            "subcategory": 22,
            "driver": 2,
            "championship": 8
        }
    },
    {
        "model": "drivers.driversubcategoryposition",
        "pk": 23,
        "fields": {
            "position": 6,
            "subcategory": 23,
            "driver": 11,
            "championship": 8
        }
    },
    {
        "model": "drivers.driversubcategoryposition",
        "pk": 24,
        "fields": {
            "position": 8,
            "subcategory": 23,
            "driver": 14,
            "championship": 8
        }
    },
    {
        "model": "drivers.driversubcategoryposition",
        "pk": 25,
        "fields": {
            "position": 16,
            "subcategory": 23,
            "driver": 13,
            "championship": 8
        }
    },
    {
        "model": "drivers.driversubcategoryposition",
        "pk": 26,
        "fields": {
            "position": 17,
            "subcategory": 23,
            "driver": 8,
            "championship": 8
        }
    },
    {
        "model": "drivers.driversubcategoryposition",
        "pk": 27,
        "fields": {
            "position": 6,
            "subcategory": 24,
            "driver": 12,
            "championship": 8
        }
    },
    {
        "model": "drivers.driversubcategoryposition",
        "pk": 28,
        "fields": {
            "position": 5,
            "subcategory": 24,
            "driver": 5,
            "championship": 8
        }
    },
    {
        "model": "championships.organizer",
        "pk": 1,
        "fields": {
            "name": "drift.hr"
        }
    },
    {
        "model": "championships.organizer",
        "pk": 2,
        "fields": {
            "name": "FIA"
        }
    },
    {
        "model": "championships.organizer",
        "pk": 3,
        "fields": {
            "name": "HAKS"
        }
    },
    {
        "model": "championships.organizer",
        "pk": 4,
        "fields": {
            "name": "Global"
        }
    },
    {
        "model": "drivers.driver",
        "pk": 1,
        "fields": {
            "first_name": "Amira",
            "last_name": "Bradarić",
            "birth_date": "1981-09-21",
            "gender": "Z",
            "driver_image": "drivers/images/Amira_Bradaric.jpg",
            "email": "amira.bradaric@amk.hr",
            "phone": "+385 99 2342812",
            "city": 475,
            "discipline": 3
        }
    },
    {
        "model": "drivers.driver",
        "pk": 2,
        "fields": {
            "first_name": "Igor",
            "last_name": "Vareško",
            "birth_date": "1981-09-21",
            "gender": "M",
            "driver_image": "drivers/images/Igor_Varesko.jpg",
            "email": "igor.varesko@amk.hr",
            "phone": "+385 996709497",
            "city": 475,
            "discipline": 3
        }
    },
    {
        "model": "drivers.driver",
        "pk": 3,
        "fields": {
            "first_name": "Ivan",
            "last_name": "Višković",
            "birth_date": "1991-07-04",
            "gender": "M",
            "driver_image": "drivers/images/Ivan_Viskovic.jpg",
            "email": "ivan.viskovic@akm.hr",
            "phone": "+385 917273 214",
            "city": 475,
            "discipline": 3
        }
    },
    {
        "model": "drivers.driver",
        "pk": 4,
        "fields": {
            "first_name": "Leon",
            "last_name": "Dubroja",
            "birth_date": "1992-02-08",
            "gender": "M",
            "driver_image": "drivers/images/Leon_Dubroja.jpg",
            "email": "leon.dubroja@amk.hr",
            "phone": "+395 92 312 312",
            "city": 475,
            "discipline": 3
        }
    },
    {
        "model": "drivers.driver",
        "pk": 5,
        "fields": {
            "first_name": "Matija",
            "last_name": "Brkljačić",
            "birth_date": "1994-10-27",
            "gender": "M",
            "driver_image": "drivers/images/Matija_Brkljacic.jpg",
            "email": "matija.brkljacic@amk.hr",
            "phone": "+385 99 2342812",
            "city": 475,
            "discipline": 3
        }
    },
    {
        "model": "drivers.driver",
        "pk": 6,
        "fields": {
            "first_name": "Rade",
            "last_name": "Kosanović",
            "birth_date": "1984-12-09",
            "gender": "M",
            "driver_image": "drivers/images/Rade_Kosanovic.jpg",
            "email": "rade.kosanovic@amk.hr",
            "phone": "+385 917273 214",
            "city": 475,
            "discipline": 3
        }
    },
    {
        "model": "drivers.driver",
        "pk": 7,
        "fields": {
            "first_name": "Roberto",
            "last_name": "Randić",
            "birth_date": "1995-08-12",
            "gender": "M",
            "driver_image": "drivers/images/Roberto_Randic.jpg",
            "email": "roberto.randic@amk.hr",
            "phone": "+385 99 2342812",
            "city": 475,
            "discipline": 3
        }
    },
    {
        "model": "drivers.driver",
        "pk": 8,
        "fields": {
            "first_name": "Saša",
            "last_name": "Radola",
            "birth_date": "1992-02-19",
            "gender": "M",
            "driver_image": "drivers/images/Sasa_Radola.jpg",
            "email": "sasa.radola@amk.hr",
            "phone": "+385 99 2342812",
            "city": 475,
            "discipline": 3
        }
    },
    {
        "model": "drivers.driver",
        "pk": 9,
        "fields": {
            "first_name": "Toni",
            "last_name": "Cukon",
            "birth_date": "1996-09-09",
            "gender": "M",
            "driver_image": "drivers/images/Toni_Cukon.jpg",
            "email": "toni.cukon@amk.hr",
            "phone": "+385 99 2342812",
            "city": 475,
            "discipline": 3
        }
    },
    {
        "model": "drivers.driver",
        "pk": 10,
        "fields": {
            "first_name": "Tony",
            "last_name": "Višković",
            "birth_date": "1984-09-12",
            "gender": "M",
            "driver_image": "drivers/images/Tony_Viskovic.jpg",
            "email": "tony.viskovic@amk.hr",
            "phone": "+385 917273 214",
            "city": 475,
            "discipline": 3
        }
    },
    {
        "model": "drivers.driver",
        "pk": 11,
        "fields": {
            "first_name": "Vedran",
            "last_name": "Divković",
            "birth_date": "1990-12-06",
            "gender": "M",
            "driver_image": "drivers/images/Vedran_Divkovic.jpg",
            "email": "vedran.divkovic@amk.hr",
            "phone": "+395 92 312 312",
            "city": 475,
            "discipline": 3
        }
    },
    {
        "model": "drivers.driver",
        "pk": 12,
        "fields": {
            "first_name": "Alen",
            "last_name": "Celega",
            "birth_date": "1991-07-21",
            "gender": "M",
            "driver_image": "drivers/images/Alen_Celega.jpg",
            "email": "alen@celega.com",
            "phone": "+385 99 2342812",
            "city": 475,
            "discipline": 3
        }
    },
    {
        "model": "drivers.driver",
        "pk": 13,
        "fields": {
            "first_name": "Marina",
            "last_name": "Lisica",
            "birth_date": "1987-09-18",
            "gender": "Z",
            "driver_image": "drivers/images/Marina_Lisica.jpg",
            "email": "marina.lisica@amk.hr",
            "phone": "+385 917273 214",
            "city": 475,
            "discipline": 3
        }
    },
    {
        "model": "drivers.driver",
        "pk": 14,
        "fields": {
            "first_name": "Igor",
            "last_name": "Lisica",
            "birth_date": "1986-06-12",
            "gender": "M",
            "driver_image": "drivers/images/Igor_Lisica.jpg",
            "email": "igor.lisica@amk.hr",
            "phone": "+385 99 2342812",
            "city": 475,
            "discipline": 3
        }
    },
    {
        "model": "drivers.driver",
        "pk": 15,
        "fields": {
            "first_name": "Andrea",
            "last_name": "Hrelja",
            "birth_date": "1996-06-10",
            "gender": "M",
            "driver_image": "people/images/17_YiVPask.jpg",
            "email": "andhrelja@hotmail.com",
            "phone": "099314234",
            "city": 509,
            "discipline": 2
        }
    },
    {
        "model": "drivers.driver",
        "pk": 16,
        "fields": {
            "first_name": "Pero",
            "last_name": "Perić",
            "birth_date": "1990-02-13",
            "gender": "M",
            "driver_image": "people/images/14.jpg",
            "email": "andhrelja@hotmail.com",
            "phone": "099314234",
            "city": 16,
            "discipline": 2
        }
    },
    {
        "model": "events.event",
        "pk": 1,
        "fields": {
            "name": "5. No Traction Weekend",
            "cover": "events/images/5notraction.jpg",
            "description": "<span class=\"oi732d6d ik7dh3pa d2edcug0 qv66sw1b c1et5uql a8c37x1j muag1w35 ew0dbk1b jq4qci2q a3bd9o3v knj5qynh oo9gr5id\" dir=\"auto\"><div class=\"kvgmc6g5 cxmmr5t8 oygrvhab hcukyx3x c1et5uql\">AMK No Traction Vas ovim putem poziva na jubilarni 5. No Traction Weekend, koji će se održati 08.-09.06.2019.</div><div class=\"o9v6fnle cxmmr5t8 oygrvhab hcukyx3x c1et5uql\">Svi detalji u vezi susreta biti će uskoro objavljeni.</div><div class=\"o9v6fnle cxmmr5t8 oygrvhab hcukyx3x c1et5uql\">Vaš Team No Traction! </div></span>",
            "start_date": "2019-06-08",
            "end_date": "2019-06-09",
            "start_time": "10:00:00",
            "end_time": "20:00:00",
            "city": 475,
            "author": [
                "admin"
            ],
            "gallery": null
        }
    },
    {
        "model": "events.event",
        "pk": 2,
        "fields": {
            "name": "4. No Traction Event",
            "cover": "events/images/4notraction.jpg",
            "description": "<div class=\"kvgmc6g5 cxmmr5t8 oygrvhab hcukyx3x c1et5uql\">Team\r\n No Traction Vas ovim putem poziva na ovogodišnji 4. No Traction \r\nWeekend, koji će se održati 02.-03.06.2018. s početkom u 10:00 sati na \r\nlokaciji Društveni centar Rojc, Pula. </div><div class=\"kvgmc6g5 cxmmr5t8 oygrvhab hcukyx3x c1et5uql\">Ove godine pripremamo program uz \r\nširoku ponudu za sve ljubitelje drifta, gymkhane, stunta i druženja. \r\nOrganizirant će se također u sklopu susreta i No Traction Party koji će \r\nzapočeti u 22:00 u Klubu Kotač uz odličnu muziku naših DJ-a, te ponuda \r\nhrana i piće tokom trajanja susreta.</div><div class=\"o9v6fnle cxmmr5t8 oygrvhab hcukyx3x c1et5uql\">Za\r\n sve ostale goste koje dolaze iz daljnih krajeva Hrvatske i inozemstva \r\nosigurali smo i smještaj po povoljnim cijenama te besplatno kampiranje \r\nna lokaciji meet-a. Svi zainteresirani neka nam se jave u inbox na našoj\r\n Facebook stranici kako bismo smještaj mogli rezervirati unaprijed.</div><div class=\"o9v6fnle cxmmr5t8 oygrvhab hcukyx3x c1et5uql\"><br></div><div class=\"o9v6fnle cxmmr5t8 oygrvhab hcukyx3x c1et5uql\"><b>Subota 02.06.<br></b></div><div class=\"o9v6fnle cxmmr5t8 oygrvhab hcukyx3x c1et5uql\"><b><br></b>10:00 Službeno otvaranje</div><div class=\"o9v6fnle cxmmr5t8 oygrvhab hcukyx3x c1et5uql\">10:00-12:00 Prijave za natjecanja u svim kategorijama</div><div class=\"o9v6fnle cxmmr5t8 oygrvhab hcukyx3x c1et5uql\">12:00-14:00 Drift trening i kvalifikacije - Series</div><div class=\"o9v6fnle cxmmr5t8 oygrvhab hcukyx3x c1et5uql\">14:00-15:00 Pauza</div><div class=\"o9v6fnle cxmmr5t8 oygrvhab hcukyx3x c1et5uql\">15:00-18:00 Drift natjecanje - Series</div><div class=\"o9v6fnle cxmmr5t8 oygrvhab hcukyx3x c1et5uql\">18:00-20:00 Drift Taxi &amp; Stunt Show</div><div class=\"o9v6fnle cxmmr5t8 oygrvhab hcukyx3x c1et5uql\">20:00-22:00 Klub Kotač - Nastup Breakdance grupe AB Original Crew iz Pule i igre u odmjeravanju snaga<br>22:00 Klub Kotač - No Traction Party</div><div class=\"o9v6fnle cxmmr5t8 oygrvhab hcukyx3x c1et5uql\"><br></div><div class=\"o9v6fnle cxmmr5t8 oygrvhab hcukyx3x c1et5uql\"><b>Nedjelja 03.06.<br></b></div><div class=\"o9v6fnle cxmmr5t8 oygrvhab hcukyx3x c1et5uql\"><b><br></b>09:00 Početak programa</div><div class=\"o9v6fnle cxmmr5t8 oygrvhab hcukyx3x c1et5uql\">09:00-10:00 Prijave za drift natjecanje - Pro</div><div class=\"o9v6fnle cxmmr5t8 oygrvhab hcukyx3x c1et5uql\">10:00-12:00 Drift trening</div><div class=\"o9v6fnle cxmmr5t8 oygrvhab hcukyx3x c1et5uql\">10:00-12:00 Prijave vozila za natjecanje u kategorijama:</div><ul><li>Loudest Car</li><li>Lowest Car</li><li>Best Project Car</li><li>Best Oldschool</li><li>Best Stunt Show<br></li></ul><div class=\"o9v6fnle cxmmr5t8 oygrvhab hcukyx3x c1et5uql\">12:00-13:00 Pauza<br>13:00-12:00 Drift natjecanje - Pro<br>12:00-18:00 Drift &amp; Stunt Show<br>18:00-19:00 Podjela zahvalnica svim klubovima i sudionicima susreta<br>19:00 Kraj programa</div><div class=\"o9v6fnle cxmmr5t8 oygrvhab hcukyx3x c1et5uql\"><br></div><div class=\"o9v6fnle cxmmr5t8 oygrvhab hcukyx3x c1et5uql\">*Organizator zadržava pravo promjene programa.</div><div class=\"o9v6fnle cxmmr5t8 oygrvhab hcukyx3x c1et5uql\"><br></div><div class=\"o9v6fnle cxmmr5t8 oygrvhab hcukyx3x c1et5uql\">Vaš Team No Traction!</div>",
            "start_date": "2018-06-02",
            "end_date": "2018-06-03",
            "start_time": "10:00:00",
            "end_time": "20:00:00",
            "city": 475,
            "author": [
                "admin"
            ],
            "gallery": null
        }
    },
    {
        "model": "events.event",
        "pk": 3,
        "fields": {
            "name": "3. No Traction Weekend",
            "cover": "events/images/3notraction.jpg",
            "description": "<div class=\"kvgmc6g5 cxmmr5t8 oygrvhab hcukyx3x c1et5uql\">Pozdrav ekipo, </div><div class=\"o9v6fnle cxmmr5t8 oygrvhab hcukyx3x c1et5uql\">No\r\n Traction Team Vas ovim putem poziva na ovogodišnji 3. No Traction \r\nWeekend, koji će se održavati od 10. do 11. lipnja 2017. godine, na već \r\npoznatoj lokaciji Katarina i Monumenti u Puli. I ove godine pripremamo \r\nvrhunski program uz široku ponudu za sve ljubitelje oktanskog duha. \r\nZagarantirana zabava uz drift (+ gosti iznenađenja), organizirane igre i\r\n DJ-e, te hrana i piće po akcijskim cijenama. </div><div class=\"o9v6fnle cxmmr5t8 oygrvhab hcukyx3x c1et5uql\">Također će se održati upis novih članova i podjela članskih iskaznica te majca za sve članove kluba. </div><div class=\"o9v6fnle cxmmr5t8 oygrvhab hcukyx3x c1et5uql\">Za\r\n sve ostale goste koje dolaze iz daljnih krajeva Hrvatske i inozemstva \r\nosigurali smo i smještaj u apartmanima po povoljnim cijenama te \r\nbesplatno kampiranje na lokaciji meet-a. Svi zainteresirani neka nam se \r\njave u inbox na našoj Facebook stranici kako bismo smještaj i mogli \r\nrezervirati unaprijed.</div><div class=\"o9v6fnle cxmmr5t8 oygrvhab hcukyx3x c1et5uql\"><br></div><div class=\"o9v6fnle cxmmr5t8 oygrvhab hcukyx3x c1et5uql\"><b>Subota 10.06.</b></div><div class=\"o9v6fnle cxmmr5t8 oygrvhab hcukyx3x c1et5uql\"><br></div><div class=\"o9v6fnle cxmmr5t8 oygrvhab hcukyx3x c1et5uql\">10:00 Službeno otvorenje meet-a i najava programa<br>10:00-13:00 Trening Drift vozača – Amateri<br>13:00-15:00 Truck Show<br>15:00-17:00 Drift &amp; Stunt show<br>18:00 Defile vozila po gradu<br>20:00-22:00 Nastup Breakdance grupe AB Original Crew iz Pule i nagradne igre <br>22:00-04:00 No Traction Party</div><div class=\"o9v6fnle cxmmr5t8 oygrvhab hcukyx3x c1et5uql\"><br></div><div class=\"o9v6fnle cxmmr5t8 oygrvhab hcukyx3x c1et5uql\"><b>Nedjelja 11.06.</b></div><div class=\"o9v6fnle cxmmr5t8 oygrvhab hcukyx3x c1et5uql\"><b><br></b>09:00 Najava dnevnog programa<br>09:00-10:00 Trening Drift vozača –Amateri<br>10:00-11:00 Trening Drift vozača – Pro<br>11:00-13:00 Natjecanje Drift vozača – Amateri<br>13:00-14:00 Natjecanje vozila u raznim kategorijama:</div><ul><li>Best Truck show</li><li>Best Oldschool</li><li>Loudest Car</li><li>Lowest Car<br></li></ul><div class=\"o9v6fnle cxmmr5t8 oygrvhab hcukyx3x c1et5uql\">14:00 Sexy Car Wash i natjecanje vozila u kategoriji:</div><ul><li> Best Burnout</li></ul><p>15:00-18:00 Drift Taxi &amp; Stunt Show<br>18:00-19:00 Podjela zahvalnica svim klubovima i sudionicima meet-a<br>19:00 Kraj programa</p><div class=\"o9v6fnle cxmmr5t8 oygrvhab hcukyx3x c1et5uql\">*Organizator zadržava pravo promjene programa.</div><div class=\"o9v6fnle cxmmr5t8 oygrvhab hcukyx3x c1et5uql\"><br></div><div class=\"o9v6fnle cxmmr5t8 oygrvhab hcukyx3x c1et5uql\">Vaš No Traction Team! <span class=\"q9uorilb tbxw36s4 knj5qynh kvgmc6g5 ditlmg2l oygrvhab nvdbi5me fgm26odu gl3lb2sf hhz5lgdu\"><img alt=\"(y)\" src=\"https://static.xx.fbcdn.net/images/emoji.php/v9/e40/1/12/LIKE.png\" width=\"12\" height=\"12\"></span></div>",
            "start_date": "2017-06-10",
            "end_date": "2017-06-11",
            "start_time": "10:00:00",
            "end_time": "20:00:00",
            "city": 475,
            "author": [
                "admin"
            ],
            "gallery": null
        }
    },
    {
        "model": "events.event",
        "pk": 4,
        "fields": {
            "name": "2. No Traction Weekend",
            "cover": "events/images/2notraction.jpg",
            "description": "<div class=\"kvgmc6g5 cxmmr5t8 oygrvhab hcukyx3x c1et5uql\">Poštovani No Traction fanovi,</div><div class=\"o9v6fnle cxmmr5t8 oygrvhab hcukyx3x c1et5uql\">pozivamo\r\n Vas na 2. No Traction Weekend, koji će se održati od 04.- 05.06. na \r\nlokaciji Katarina i Monumenti u Puli. Garantirana zabava uz RC cars, \r\ndrift show (+ gosti: pro-drifteri iz Hrvatske), natjecanje vozila u \r\nraznim kategorijama i DJ program, te hrana i piće po akcijskim cijenama.\r\n Također će se održati upis novih članova i podjela članskih iskaznica \r\nte majca za sve članove kluba. </div><div class=\"o9v6fnle cxmmr5t8 oygrvhab hcukyx3x c1et5uql\">Za sve željne dobrog provoda organiziramo i No Traction PARTY u subotu 04.06. s početkom u 22:00h; te ste svi pozvani! <span class=\"q9uorilb tbxw36s4 knj5qynh kvgmc6g5 ditlmg2l oygrvhab nvdbi5me fgm26odu gl3lb2sf hhz5lgdu\"><img alt=\"(y)\" src=\"https://static.xx.fbcdn.net/images/emoji.php/v9/e40/1/12/LIKE.png\" width=\"12\" height=\"12\"></span></div><div class=\"o9v6fnle cxmmr5t8 oygrvhab hcukyx3x c1et5uql\">Za\r\n sve ostale koje dolaze iz daljnih krajeva Hrvatske također smo \r\nosigurali i smještaj u apartmanima po super povoljnim cijenama te \r\nbesplatno kampiranje na lokaciji meet-a. Svi zainteresirani neka nam se \r\njave u inbox na našoj Facebook stranici kako bismo smještaj i sve ostalo\r\n mogli organizirati unaprijed.</div><div class=\"o9v6fnle cxmmr5t8 oygrvhab hcukyx3x c1et5uql\"><br><b>Subota 04.06.<br></b><br>10:00 Službeno otvorenje meet-a<br>11:00 Najava dnevnog programa<br>12:00 Dnevni glazbeni program uz Dj-a Gabi<br>13:00 Drift &amp; Stunt show (tokom cijelog dana)<br>14:00 Predstavljanje vozača, vozila i partnere kluba<br>15:00 Dodjela klubskih iskaznica za članove<br>17:00 Rc Drift Show (Modelarski drift automobili)<br>18:00 Defile vozila po gradu<br>22:00-04:00 Open air party uz Dj-a Nikola Z Kukurini</div><div class=\"o9v6fnle cxmmr5t8 oygrvhab hcukyx3x c1et5uql\"><br></div><div class=\"o9v6fnle cxmmr5t8 oygrvhab hcukyx3x c1et5uql\"><b>Nedjelja 05.06.</b></div><div class=\"o9v6fnle cxmmr5t8 oygrvhab hcukyx3x c1et5uql\"><b><br></b>11:00 Najava dnevnog programa<br>12:00 Dnevni glazbeni program uz Dj-a Gabi<br>12:00 Drift &amp; Stunt show (tokom cijelog dana)<br>14:00 Natjecanje vozila u raznim kategorijama:</div><ul><li>Best ///M</li><li>Best Oldschool</li><li>Best Car Project</li><li>Lowest Car</li></ul><div class=\"o9v6fnle cxmmr5t8 oygrvhab hcukyx3x c1et5uql\">19:00 Podjela zahvalnica svim sudionicima meet-a<br>20:00 Svečano zatvaranje susreta</div><div class=\"o9v6fnle cxmmr5t8 oygrvhab hcukyx3x c1et5uql\"><br></div><div class=\"o9v6fnle cxmmr5t8 oygrvhab hcukyx3x c1et5uql\">Svi detalji u vezi susreta biti će pravovremeno objavljeni na našoj Facebook stranici.</div><div class=\"o9v6fnle cxmmr5t8 oygrvhab hcukyx3x c1et5uql\"><br></div><div class=\"o9v6fnle cxmmr5t8 oygrvhab hcukyx3x c1et5uql\">Vaš No Traction Team! <span class=\"q9uorilb tbxw36s4 knj5qynh kvgmc6g5 ditlmg2l oygrvhab nvdbi5me fgm26odu gl3lb2sf hhz5lgdu\"><img alt=\"😉\" src=\"https://static.xx.fbcdn.net/images/emoji.php/v9/t57/1/12/1f609.png\" width=\"12\" height=\"12\"></span></div>",
            "start_date": "2016-06-04",
            "end_date": "2016-06-05",
            "start_time": "10:00:00",
            "end_time": "20:00:00",
            "city": 475,
            "author": [
                "admin"
            ],
            "gallery": null
        }
    },
    {
        "model": "events.event",
        "pk": 5,
        "fields": {
            "name": "1. No Traction Party",
            "cover": "events/images/1notraction.jpg",
            "description": "<p><span class=\"oi732d6d ik7dh3pa d2edcug0 qv66sw1b c1et5uql a8c37x1j muag1w35 ew0dbk1b jq4qci2q a3bd9o3v knj5qynh oo9gr5id\" dir=\"auto\"><div class=\"kvgmc6g5 cxmmr5t8 oygrvhab hcukyx3x c1et5uql\">Poštovani članovi, fanovi i ostali simpatizeri No Traction-a,</div><div class=\"kvgmc6g5 cxmmr5t8 oygrvhab hcukyx3x c1et5uql\"><br></div><div class=\"o9v6fnle cxmmr5t8 oygrvhab hcukyx3x c1et5uql\">Kao\r\n što smo najavili pozivamo vas na 1. NO TRACTION PARTY povodom kraja \r\ngodine u Diamond Lounge BAR-u u Fažani s početkom u 21:00 za sve naše \r\nčlanove, fanove, prijatelje i ostale simpatizere kluba. Pridružite nam \r\nse u subotu 19.12.2015. kako bi se svi zajedno podružili uz odličnu \r\ndomaću i stranu muziku i razna pića po promocijskim cijenama. + Jager \r\niznenađenje!</div><div class=\"o9v6fnle cxmmr5t8 oygrvhab hcukyx3x c1et5uql\"><br></div><div class=\"o9v6fnle cxmmr5t8 oygrvhab hcukyx3x c1et5uql\">Za sve goste party-a organiziran je besplatan parking. <span class=\"q9uorilb tbxw36s4 knj5qynh kvgmc6g5 ditlmg2l oygrvhab nvdbi5me fgm26odu gl3lb2sf hhz5lgdu\"><img alt=\"😉\" src=\"https://static.xx.fbcdn.net/images/emoji.php/v9/t57/1/12/1f609.png\" width=\"12\" height=\"12\"></span></div><div class=\"o9v6fnle cxmmr5t8 oygrvhab hcukyx3x c1et5uql\">Za\r\n kolege koji dolaze iz daljnijih krajeva Hrvatske smo organizirali \r\nsmještaj i večeru (Konoba Feral, Fažana) po akcijskim cijenama. (Upit u \r\ninbox)</div><div class=\"o9v6fnle cxmmr5t8 oygrvhab hcukyx3x c1et5uql\"><br></div><div class=\"o9v6fnle cxmmr5t8 oygrvhab hcukyx3x c1et5uql\">Vidimo se na party-u!  <br>NoTraction Crew <span class=\"q9uorilb tbxw36s4 knj5qynh kvgmc6g5 ditlmg2l oygrvhab nvdbi5me fgm26odu gl3lb2sf hhz5lgdu\"><img alt=\"(y)\" src=\"https://static.xx.fbcdn.net/images/emoji.php/v9/e40/1/12/LIKE.png\" width=\"12\" height=\"12\"></span></div></span></p>",
            "start_date": "2015-12-19",
            "end_date": "2015-12-19",
            "start_time": "21:00:00",
            "end_time": "00:00:00",
            "city": 475,
            "author": [
                "admin"
            ],
            "gallery": null
        }
    },
    {
        "model": "events.event",
        "pk": 6,
        "fields": {
            "name": "Nadolazeći No Traction Event",
            "cover": "events/images/No_traction._.jpg",
            "description": "<div class=\"kvgmc6g5 cxmmr5t8 oygrvhab hcukyx3x c1et5uql\">AMK No Traction Vas ovim putem poziva na nadolazeći No Traction Event, koji će se održati 05.-06.06.2021.</div><div class=\"kvgmc6g5 cxmmr5t8 oygrvhab hcukyx3x c1et5uql\"><br></div><div class=\"o9v6fnle cxmmr5t8 oygrvhab hcukyx3x c1et5uql\">Svi detalji u vezi susreta biti će uskoro objavljeni.</div><div class=\"o9v6fnle cxmmr5t8 oygrvhab hcukyx3x c1et5uql\"><br></div><div class=\"o9v6fnle cxmmr5t8 oygrvhab hcukyx3x c1et5uql\">Vaš Team No Traction! </div>",
            "start_date": "2021-06-05",
            "end_date": "2021-06-06",
            "start_time": "10:00:00",
            "end_time": "20:00:00",
            "city": 475,
            "author": [
                "admin"
            ],
            "gallery": null
        }
    },
    {
        "model": "events.county",
        "pk": 1,
        "fields": {
            "name": "Zagrebačka županija"
        }
    },
    {
        "model": "events.county",
        "pk": 2,
        "fields": {
            "name": "Krapinsko-zagorska županija"
        }
    },
    {
        "model": "events.county",
        "pk": 3,
        "fields": {
            "name": "Sisačko-moslavačka županija"
        }
    },
    {
        "model": "events.county",
        "pk": 4,
        "fields": {
            "name": "Karlovačka županija"
        }
    },
    {
        "model": "events.county",
        "pk": 5,
        "fields": {
            "name": "Varaždinska županija"
        }
    },
    {
        "model": "events.county",
        "pk": 6,
        "fields": {
            "name": "Koprivničko-križevačka županija"
        }
    },
    {
        "model": "events.county",
        "pk": 7,
        "fields": {
            "name": "Bjelovarsko-bilogorska županija"
        }
    },
    {
        "model": "events.county",
        "pk": 8,
        "fields": {
            "name": "Primorsko-goranska županija"
        }
    },
    {
        "model": "events.county",
        "pk": 9,
        "fields": {
            "name": "Ličko-senjska županija"
        }
    },
    {
        "model": "events.county",
        "pk": 10,
        "fields": {
            "name": "Virovitičko-podravska županija"
        }
    },
    {
        "model": "events.county",
        "pk": 11,
        "fields": {
            "name": "Požeško-slavonska županija"
        }
    },
    {
        "model": "events.county",
        "pk": 12,
        "fields": {
            "name": "Brodsko-posavska županija"
        }
    },
    {
        "model": "events.county",
        "pk": 13,
        "fields": {
            "name": "Zadarska županija"
        }
    },
    {
        "model": "events.county",
        "pk": 14,
        "fields": {
            "name": "Osječko-baranjska županija"
        }
    },
    {
        "model": "events.county",
        "pk": 15,
        "fields": {
            "name": "Šibensko-kninska županija"
        }
    },
    {
        "model": "events.county",
        "pk": 16,
        "fields": {
            "name": "Vukovarsko-srijemska županija"
        }
    },
    {
        "model": "events.county",
        "pk": 17,
        "fields": {
            "name": "Splitsko-dalmatinska županija"
        }
    },
    {
        "model": "events.county",
        "pk": 18,
        "fields": {
            "name": "Istarska županija"
        }
    },
    {
        "model": "events.county",
        "pk": 19,
        "fields": {
            "name": "Dubrovačko-neretvanska županija"
        }
    },
    {
        "model": "events.county",
        "pk": 20,
        "fields": {
            "name": "Međimurska županija"
        }
    },
    {
        "model": "events.city",
        "pk": 1,
        "fields": {
            "name": "Dugo Selo",
            "full_name": "Grad Dugo Selo",
            "city_type": 1,
            "county": 1
        }
    },
    {
        "model": "events.city",
        "pk": 2,
        "fields": {
            "name": "Ivanić Grad",
            "full_name": "Grad Ivanić Grad",
            "city_type": 1,
            "county": 1
        }
    },
    {
        "model": "events.city",
        "pk": 3,
        "fields": {
            "name": "Jastrebarsko",
            "full_name": "Grad Jastrebarsko",
            "city_type": 1,
            "county": 1
        }
    },
    {
        "model": "events.city",
        "pk": 4,
        "fields": {
            "name": "Samobor",
            "full_name": "Grad Samobor",
            "city_type": 1,
            "county": 1
        }
    },
    {
        "model": "events.city",
        "pk": 5,
        "fields": {
            "name": "Sveta Nedelja",
            "full_name": "Grad Sveta Nedelja",
            "city_type": 1,
            "county": 1
        }
    },
    {
        "model": "events.city",
        "pk": 6,
        "fields": {
            "name": "Sveti Ivan Zelina",
            "full_name": "Grad Sveti Ivan Zelina",
            "city_type": 1,
            "county": 1
        }
    },
    {
        "model": "events.city",
        "pk": 7,
        "fields": {
            "name": "Velika Gorica",
            "full_name": "Grad Velika Gorica",
            "city_type": 1,
            "county": 1
        }
    },
    {
        "model": "events.city",
        "pk": 8,
        "fields": {
            "name": "Vrbovec",
            "full_name": "Grad Vrbovec",
            "city_type": 1,
            "county": 1
        }
    },
    {
        "model": "events.city",
        "pk": 9,
        "fields": {
            "name": "Zagreb",
            "full_name": "Grad Zagreb",
            "city_type": 1,
            "county": 1
        }
    },
    {
        "model": "events.city",
        "pk": 10,
        "fields": {
            "name": "Zaprešić",
            "full_name": "Grad Zaprešić",
            "city_type": 1,
            "county": 1
        }
    },
    {
        "model": "events.city",
        "pk": 11,
        "fields": {
            "name": "Bedenica",
            "full_name": "Općina Bedenica",
            "city_type": 2,
            "county": 1
        }
    },
    {
        "model": "events.city",
        "pk": 12,
        "fields": {
            "name": "Bistra",
            "full_name": "Općina Bistra",
            "city_type": 2,
            "county": 1
        }
    },
    {
        "model": "events.city",
        "pk": 13,
        "fields": {
            "name": "Brckovljani",
            "full_name": "Općina Brckovljani",
            "city_type": 2,
            "county": 1
        }
    },
    {
        "model": "events.city",
        "pk": 14,
        "fields": {
            "name": "Brdovec",
            "full_name": "Općina Brdovec",
            "city_type": 2,
            "county": 1
        }
    },
    {
        "model": "events.city",
        "pk": 15,
        "fields": {
            "name": "Dubrava",
            "full_name": "Općina Dubrava",
            "city_type": 2,
            "county": 1
        }
    },
    {
        "model": "events.city",
        "pk": 16,
        "fields": {
            "name": "Dubravica",
            "full_name": "Općina Dubravica",
            "city_type": 2,
            "county": 1
        }
    },
    {
        "model": "events.city",
        "pk": 17,
        "fields": {
            "name": "Farkaševac",
            "full_name": "Općina Farkaševac",
            "city_type": 2,
            "county": 1
        }
    },
    {
        "model": "events.city",
        "pk": 18,
        "fields": {
            "name": "Gradec",
            "full_name": "Općina Gradec",
            "city_type": 2,
            "county": 1
        }
    },
    {
        "model": "events.city",
        "pk": 19,
        "fields": {
            "name": "Jakovlje",
            "full_name": "Općina Jakovlje",
            "city_type": 2,
            "county": 1
        }
    },
    {
        "model": "events.city",
        "pk": 20,
        "fields": {
            "name": "Klinča Sela",
            "full_name": "Općina Klinča Sela",
            "city_type": 2,
            "county": 1
        }
    },
    {
        "model": "events.city",
        "pk": 21,
        "fields": {
            "name": "Kloštar Ivanić",
            "full_name": "Općina Kloštar Ivanić",
            "city_type": 2,
            "county": 1
        }
    },
    {
        "model": "events.city",
        "pk": 22,
        "fields": {
            "name": "Krašić",
            "full_name": "Općina Krašić",
            "city_type": 2,
            "county": 1
        }
    },
    {
        "model": "events.city",
        "pk": 23,
        "fields": {
            "name": "Kravarsko",
            "full_name": "Općina Kravarsko",
            "city_type": 2,
            "county": 1
        }
    },
    {
        "model": "events.city",
        "pk": 24,
        "fields": {
            "name": "Križ",
            "full_name": "Općina Križ",
            "city_type": 2,
            "county": 1
        }
    },
    {
        "model": "events.city",
        "pk": 25,
        "fields": {
            "name": "Luka",
            "full_name": "Općina Luka",
            "city_type": 2,
            "county": 1
        }
    },
    {
        "model": "events.city",
        "pk": 26,
        "fields": {
            "name": "Marija Gorica",
            "full_name": "Općina Marija Gorica",
            "city_type": 2,
            "county": 1
        }
    },
    {
        "model": "events.city",
        "pk": 27,
        "fields": {
            "name": "Orle",
            "full_name": "Općina Orle",
            "city_type": 2,
            "county": 1
        }
    },
    {
        "model": "events.city",
        "pk": 28,
        "fields": {
            "name": "Pisarovina",
            "full_name": "Općina Pisarovina",
            "city_type": 2,
            "county": 1
        }
    },
    {
        "model": "events.city",
        "pk": 29,
        "fields": {
            "name": "Pokupsko",
            "full_name": "Općina Pokupsko",
            "city_type": 2,
            "county": 1
        }
    },
    {
        "model": "events.city",
        "pk": 30,
        "fields": {
            "name": "Preseka",
            "full_name": "Općina Preseka",
            "city_type": 2,
            "county": 1
        }
    },
    {
        "model": "events.city",
        "pk": 31,
        "fields": {
            "name": "Pušća",
            "full_name": "Općina Pušća",
            "city_type": 2,
            "county": 1
        }
    },
    {
        "model": "events.city",
        "pk": 32,
        "fields": {
            "name": "Rakovec",
            "full_name": "Općina Rakovec",
            "city_type": 2,
            "county": 1
        }
    },
    {
        "model": "events.city",
        "pk": 33,
        "fields": {
            "name": "Rugvica",
            "full_name": "Općina Rugvica",
            "city_type": 2,
            "county": 1
        }
    },
    {
        "model": "events.city",
        "pk": 34,
        "fields": {
            "name": "Stupnik",
            "full_name": "Općina Stupnik",
            "city_type": 2,
            "county": 1
        }
    },
    {
        "model": "events.city",
        "pk": 35,
        "fields": {
            "name": "Žumberak - (sjedište Kostanjevac)",
            "full_name": "Općina Žumberak - (sjedište Kostanjevac)",
            "city_type": 2,
            "county": 1
        }
    },
    {
        "model": "events.city",
        "pk": 36,
        "fields": {
            "name": "Donja Stubica",
            "full_name": "Grad Donja Stubica",
            "city_type": 1,
            "county": 2
        }
    },
    {
        "model": "events.city",
        "pk": 37,
        "fields": {
            "name": "Klanjec",
            "full_name": "Grad Klanjec",
            "city_type": 1,
            "county": 2
        }
    },
    {
        "model": "events.city",
        "pk": 38,
        "fields": {
            "name": "Krapina",
            "full_name": "Grad Krapina",
            "city_type": 1,
            "county": 2
        }
    },
    {
        "model": "events.city",
        "pk": 39,
        "fields": {
            "name": "Oroslavje",
            "full_name": "Grad Oroslavje",
            "city_type": 1,
            "county": 2
        }
    },
    {
        "model": "events.city",
        "pk": 40,
        "fields": {
            "name": "Pregrada",
            "full_name": "Grad Pregrada",
            "city_type": 1,
            "county": 2
        }
    },
    {
        "model": "events.city",
        "pk": 41,
        "fields": {
            "name": "Zabok",
            "full_name": "Grad Zabok",
            "city_type": 1,
            "county": 2
        }
    },
    {
        "model": "events.city",
        "pk": 42,
        "fields": {
            "name": "Zlatar",
            "full_name": "Grad Zlatar",
            "city_type": 1,
            "county": 2
        }
    },
    {
        "model": "events.city",
        "pk": 43,
        "fields": {
            "name": "Bedekovčina",
            "full_name": "Općina Bedekovčina",
            "city_type": 2,
            "county": 2
        }
    },
    {
        "model": "events.city",
        "pk": 44,
        "fields": {
            "name": "Budinščina",
            "full_name": "Općina Budinščina",
            "city_type": 2,
            "county": 2
        }
    },
    {
        "model": "events.city",
        "pk": 45,
        "fields": {
            "name": "Desinić",
            "full_name": "Općina Desinić",
            "city_type": 2,
            "county": 2
        }
    },
    {
        "model": "events.city",
        "pk": 46,
        "fields": {
            "name": "Đurmanec",
            "full_name": "Općina Đurmanec",
            "city_type": 2,
            "county": 2
        }
    },
    {
        "model": "events.city",
        "pk": 47,
        "fields": {
            "name": "Gornja Stubica",
            "full_name": "Općina Gornja Stubica",
            "city_type": 2,
            "county": 2
        }
    },
    {
        "model": "events.city",
        "pk": 48,
        "fields": {
            "name": "Hrašćina",
            "full_name": "Općina Hrašćina",
            "city_type": 2,
            "county": 2
        }
    },
    {
        "model": "events.city",
        "pk": 49,
        "fields": {
            "name": "Hum na Sutli",
            "full_name": "Općina Hum na Sutli",
            "city_type": 2,
            "county": 2
        }
    },
    {
        "model": "events.city",
        "pk": 50,
        "fields": {
            "name": "Jesenje",
            "full_name": "Općina Jesenje",
            "city_type": 2,
            "county": 2
        }
    },
    {
        "model": "events.city",
        "pk": 51,
        "fields": {
            "name": "Konjščina",
            "full_name": "Općina Konjščina",
            "city_type": 2,
            "county": 2
        }
    },
    {
        "model": "events.city",
        "pk": 52,
        "fields": {
            "name": "Kraljevec na Sutli",
            "full_name": "Općina Kraljevec na Sutli",
            "city_type": 2,
            "county": 2
        }
    },
    {
        "model": "events.city",
        "pk": 53,
        "fields": {
            "name": "Krapinske Toplice",
            "full_name": "Općina Krapinske Toplice",
            "city_type": 2,
            "county": 2
        }
    },
    {
        "model": "events.city",
        "pk": 54,
        "fields": {
            "name": "Kumrovec",
            "full_name": "Općina Kumrovec",
            "city_type": 2,
            "county": 2
        }
    },
    {
        "model": "events.city",
        "pk": 55,
        "fields": {
            "name": "Lobor",
            "full_name": "Općina Lobor",
            "city_type": 2,
            "county": 2
        }
    },
    {
        "model": "events.city",
        "pk": 56,
        "fields": {
            "name": "Mače",
            "full_name": "Općina Mače",
            "city_type": 2,
            "county": 2
        }
    },
    {
        "model": "events.city",
        "pk": 57,
        "fields": {
            "name": "Marija Bistrica",
            "full_name": "Općina Marija Bistrica",
            "city_type": 2,
            "county": 2
        }
    },
    {
        "model": "events.city",
        "pk": 58,
        "fields": {
            "name": "Mihovljan",
            "full_name": "Općina Mihovljan",
            "city_type": 2,
            "county": 2
        }
    },
    {
        "model": "events.city",
        "pk": 59,
        "fields": {
            "name": "Novi Golubovec",
            "full_name": "Općina Novi Golubovec",
            "city_type": 2,
            "county": 2
        }
    },
    {
        "model": "events.city",
        "pk": 60,
        "fields": {
            "name": "Petrovsko",
            "full_name": "Općina Petrovsko",
            "city_type": 2,
            "county": 2
        }
    },
    {
        "model": "events.city",
        "pk": 61,
        "fields": {
            "name": "Radoboj",
            "full_name": "Općina Radoboj",
            "city_type": 2,
            "county": 2
        }
    },
    {
        "model": "events.city",
        "pk": 62,
        "fields": {
            "name": "Stubičke Toplice",
            "full_name": "Općina Stubičke Toplice",
            "city_type": 2,
            "county": 2
        }
    },
    {
        "model": "events.city",
        "pk": 63,
        "fields": {
            "name": "Sveti Križ Začretje",
            "full_name": "Općina Sveti Križ Začretje",
            "city_type": 2,
            "county": 2
        }
    },
    {
        "model": "events.city",
        "pk": 64,
        "fields": {
            "name": "Tuhelj",
            "full_name": "Općina Tuhelj",
            "city_type": 2,
            "county": 2
        }
    },
    {
        "model": "events.city",
        "pk": 65,
        "fields": {
            "name": "Veliko Trgovišće",
            "full_name": "Općina Veliko Trgovišće",
            "city_type": 2,
            "county": 2
        }
    },
    {
        "model": "events.city",
        "pk": 66,
        "fields": {
            "name": "Zagorska Sela",
            "full_name": "Općina Zagorska Sela",
            "city_type": 2,
            "county": 2
        }
    },
    {
        "model": "events.city",
        "pk": 67,
        "fields": {
            "name": "Zlatar Bistrica",
            "full_name": "Općina Zlatar Bistrica",
            "city_type": 2,
            "county": 2
        }
    },
    {
        "model": "events.city",
        "pk": 68,
        "fields": {
            "name": "Glina",
            "full_name": "Grad Glina",
            "city_type": 1,
            "county": 3
        }
    },
    {
        "model": "events.city",
        "pk": 69,
        "fields": {
            "name": "Hrvatska Kostajnica",
            "full_name": "Grad Hrvatska Kostajnica",
            "city_type": 1,
            "county": 3
        }
    },
    {
        "model": "events.city",
        "pk": 70,
        "fields": {
            "name": "Kutina",
            "full_name": "Grad Kutina",
            "city_type": 1,
            "county": 3
        }
    },
    {
        "model": "events.city",
        "pk": 71,
        "fields": {
            "name": "Novska",
            "full_name": "Grad Novska",
            "city_type": 1,
            "county": 3
        }
    },
    {
        "model": "events.city",
        "pk": 72,
        "fields": {
            "name": "Petrinja",
            "full_name": "Grad Petrinja",
            "city_type": 1,
            "county": 3
        }
    },
    {
        "model": "events.city",
        "pk": 73,
        "fields": {
            "name": "Popovača",
            "full_name": "Grad Popovača",
            "city_type": 1,
            "county": 3
        }
    },
    {
        "model": "events.city",
        "pk": 74,
        "fields": {
            "name": "Sisak",
            "full_name": "Grad Sisak",
            "city_type": 1,
            "county": 3
        }
    },
    {
        "model": "events.city",
        "pk": 75,
        "fields": {
            "name": "Donji Kukuruzari",
            "full_name": "Općina Donji Kukuruzari",
            "city_type": 2,
            "county": 3
        }
    },
    {
        "model": "events.city",
        "pk": 76,
        "fields": {
            "name": "Dvor",
            "full_name": "Općina Dvor",
            "city_type": 2,
            "county": 3
        }
    },
    {
        "model": "events.city",
        "pk": 77,
        "fields": {
            "name": "Gvozd",
            "full_name": "Općina Gvozd",
            "city_type": 2,
            "county": 3
        }
    },
    {
        "model": "events.city",
        "pk": 78,
        "fields": {
            "name": "Hrvatska Dubica",
            "full_name": "Općina Hrvatska Dubica",
            "city_type": 2,
            "county": 3
        }
    },
    {
        "model": "events.city",
        "pk": 79,
        "fields": {
            "name": "Jasenovac",
            "full_name": "Općina Jasenovac",
            "city_type": 2,
            "county": 3
        }
    },
    {
        "model": "events.city",
        "pk": 80,
        "fields": {
            "name": "Lekenik",
            "full_name": "Općina Lekenik",
            "city_type": 2,
            "county": 3
        }
    },
    {
        "model": "events.city",
        "pk": 81,
        "fields": {
            "name": "Lipovljani",
            "full_name": "Općina Lipovljani",
            "city_type": 2,
            "county": 3
        }
    },
    {
        "model": "events.city",
        "pk": 82,
        "fields": {
            "name": "Majur",
            "full_name": "Općina Majur",
            "city_type": 2,
            "county": 3
        }
    },
    {
        "model": "events.city",
        "pk": 83,
        "fields": {
            "name": "Martinska Ves",
            "full_name": "Općina Martinska Ves",
            "city_type": 2,
            "county": 3
        }
    },
    {
        "model": "events.city",
        "pk": 84,
        "fields": {
            "name": "Sunja",
            "full_name": "Općina Sunja",
            "city_type": 2,
            "county": 3
        }
    },
    {
        "model": "events.city",
        "pk": 85,
        "fields": {
            "name": "Topusko",
            "full_name": "Općina Topusko",
            "city_type": 2,
            "county": 3
        }
    },
    {
        "model": "events.city",
        "pk": 86,
        "fields": {
            "name": "Velika Ludina",
            "full_name": "Općina Velika Ludina",
            "city_type": 2,
            "county": 3
        }
    },
    {
        "model": "events.city",
        "pk": 87,
        "fields": {
            "name": "Duga Resa",
            "full_name": "Grad Duga Resa",
            "city_type": 1,
            "county": 4
        }
    },
    {
        "model": "events.city",
        "pk": 88,
        "fields": {
            "name": "Karlovac",
            "full_name": "Grad Karlovac",
            "city_type": 1,
            "county": 4
        }
    },
    {
        "model": "events.city",
        "pk": 89,
        "fields": {
            "name": "Ogulin",
            "full_name": "Grad Ogulin",
            "city_type": 1,
            "county": 4
        }
    },
    {
        "model": "events.city",
        "pk": 90,
        "fields": {
            "name": "Ozalj",
            "full_name": "Grad Ozalj",
            "city_type": 1,
            "county": 4
        }
    },
    {
        "model": "events.city",
        "pk": 91,
        "fields": {
            "name": "Slunj",
            "full_name": "Grad Slunj",
            "city_type": 1,
            "county": 4
        }
    },
    {
        "model": "events.city",
        "pk": 92,
        "fields": {
            "name": "Barilović",
            "full_name": "Općina Barilović",
            "city_type": 2,
            "county": 4
        }
    },
    {
        "model": "events.city",
        "pk": 93,
        "fields": {
            "name": "Bosiljevo",
            "full_name": "Općina Bosiljevo",
            "city_type": 2,
            "county": 4
        }
    },
    {
        "model": "events.city",
        "pk": 94,
        "fields": {
            "name": "Cetingrad",
            "full_name": "Općina Cetingrad",
            "city_type": 2,
            "county": 4
        }
    },
    {
        "model": "events.city",
        "pk": 95,
        "fields": {
            "name": "Draganić",
            "full_name": "Općina Draganić",
            "city_type": 2,
            "county": 4
        }
    },
    {
        "model": "events.city",
        "pk": 96,
        "fields": {
            "name": "Generalski Stol",
            "full_name": "Općina Generalski Stol",
            "city_type": 2,
            "county": 4
        }
    },
    {
        "model": "events.city",
        "pk": 97,
        "fields": {
            "name": "Josipdol",
            "full_name": "Općina Josipdol",
            "city_type": 2,
            "county": 4
        }
    },
    {
        "model": "events.city",
        "pk": 98,
        "fields": {
            "name": "Kamanje",
            "full_name": "Općina Kamanje",
            "city_type": 2,
            "county": 4
        }
    },
    {
        "model": "events.city",
        "pk": 99,
        "fields": {
            "name": "Krnjak",
            "full_name": "Općina Krnjak",
            "city_type": 2,
            "county": 4
        }
    },
    {
        "model": "events.city",
        "pk": 100,
        "fields": {
            "name": "Lasinja",
            "full_name": "Općina Lasinja",
            "city_type": 2,
            "county": 4
        }
    },
    {
        "model": "events.city",
        "pk": 101,
        "fields": {
            "name": "Netretić",
            "full_name": "Općina Netretić",
            "city_type": 2,
            "county": 4
        }
    },
    {
        "model": "events.city",
        "pk": 102,
        "fields": {
            "name": "Plaški",
            "full_name": "Općina Plaški",
            "city_type": 2,
            "county": 4
        }
    },
    {
        "model": "events.city",
        "pk": 103,
        "fields": {
            "name": "Rakovica",
            "full_name": "Općina Rakovica",
            "city_type": 2,
            "county": 4
        }
    },
    {
        "model": "events.city",
        "pk": 104,
        "fields": {
            "name": "Ribnik",
            "full_name": "Općina Ribnik",
            "city_type": 2,
            "county": 4
        }
    },
    {
        "model": "events.city",
        "pk": 105,
        "fields": {
            "name": "Saborsko",
            "full_name": "Općina Saborsko",
            "city_type": 2,
            "county": 4
        }
    },
    {
        "model": "events.city",
        "pk": 106,
        "fields": {
            "name": "Tounj",
            "full_name": "Općina Tounj",
            "city_type": 2,
            "county": 4
        }
    },
    {
        "model": "events.city",
        "pk": 107,
        "fields": {
            "name": "Vojnić",
            "full_name": "Općina Vojnić",
            "city_type": 2,
            "county": 4
        }
    },
    {
        "model": "events.city",
        "pk": 108,
        "fields": {
            "name": "Žakanje",
            "full_name": "Općina Žakanje",
            "city_type": 2,
            "county": 4
        }
    },
    {
        "model": "events.city",
        "pk": 109,
        "fields": {
            "name": "Ivanec",
            "full_name": "Grad Ivanec",
            "city_type": 1,
            "county": 5
        }
    },
    {
        "model": "events.city",
        "pk": 110,
        "fields": {
            "name": "Lepoglava",
            "full_name": "Grad Lepoglava",
            "city_type": 1,
            "county": 5
        }
    },
    {
        "model": "events.city",
        "pk": 111,
        "fields": {
            "name": "Ludbreg",
            "full_name": "Grad Ludbreg",
            "city_type": 1,
            "county": 5
        }
    },
    {
        "model": "events.city",
        "pk": 112,
        "fields": {
            "name": "Novi Marof",
            "full_name": "Grad Novi Marof",
            "city_type": 1,
            "county": 5
        }
    },
    {
        "model": "events.city",
        "pk": 113,
        "fields": {
            "name": "Varaždin",
            "full_name": "Grad Varaždin",
            "city_type": 1,
            "county": 5
        }
    },
    {
        "model": "events.city",
        "pk": 114,
        "fields": {
            "name": "Varaždinske Toplice",
            "full_name": "Grad Varaždinske Toplice",
            "city_type": 1,
            "county": 5
        }
    },
    {
        "model": "events.city",
        "pk": 115,
        "fields": {
            "name": "Bednja",
            "full_name": "Općina Bednja",
            "city_type": 2,
            "county": 5
        }
    },
    {
        "model": "events.city",
        "pk": 116,
        "fields": {
            "name": "Beretinec",
            "full_name": "Općina Beretinec",
            "city_type": 2,
            "county": 5
        }
    },
    {
        "model": "events.city",
        "pk": 117,
        "fields": {
            "name": "Breznica",
            "full_name": "Općina Breznica",
            "city_type": 2,
            "county": 5
        }
    },
    {
        "model": "events.city",
        "pk": 118,
        "fields": {
            "name": "Breznički Hum",
            "full_name": "Općina Breznički Hum",
            "city_type": 2,
            "county": 5
        }
    },
    {
        "model": "events.city",
        "pk": 119,
        "fields": {
            "name": "Cestica",
            "full_name": "Općina Cestica",
            "city_type": 2,
            "county": 5
        }
    },
    {
        "model": "events.city",
        "pk": 120,
        "fields": {
            "name": "Donja Voća",
            "full_name": "Općina Donja Voća",
            "city_type": 2,
            "county": 5
        }
    },
    {
        "model": "events.city",
        "pk": 121,
        "fields": {
            "name": "Gornji Kneginec",
            "full_name": "Općina Gornji Kneginec",
            "city_type": 2,
            "county": 5
        }
    },
    {
        "model": "events.city",
        "pk": 122,
        "fields": {
            "name": "Jalžabet",
            "full_name": "Općina Jalžabet",
            "city_type": 2,
            "county": 5
        }
    },
    {
        "model": "events.city",
        "pk": 123,
        "fields": {
            "name": "Klenovnik",
            "full_name": "Općina Klenovnik",
            "city_type": 2,
            "county": 5
        }
    },
    {
        "model": "events.city",
        "pk": 124,
        "fields": {
            "name": "Ljubešćica",
            "full_name": "Općina Ljubešćica",
            "city_type": 2,
            "county": 5
        }
    },
    {
        "model": "events.city",
        "pk": 125,
        "fields": {
            "name": "Mali Bukovec",
            "full_name": "Općina Mali Bukovec",
            "city_type": 2,
            "county": 5
        }
    },
    {
        "model": "events.city",
        "pk": 126,
        "fields": {
            "name": "Martijanec",
            "full_name": "Općina Martijanec",
            "city_type": 2,
            "county": 5
        }
    },
    {
        "model": "events.city",
        "pk": 127,
        "fields": {
            "name": "Maruševec",
            "full_name": "Općina Maruševec",
            "city_type": 2,
            "county": 5
        }
    },
    {
        "model": "events.city",
        "pk": 128,
        "fields": {
            "name": "Petrijanec",
            "full_name": "Općina Petrijanec",
            "city_type": 2,
            "county": 5
        }
    },
    {
        "model": "events.city",
        "pk": 129,
        "fields": {
            "name": "Sračinec",
            "full_name": "Općina Sračinec",
            "city_type": 2,
            "county": 5
        }
    },
    {
        "model": "events.city",
        "pk": 130,
        "fields": {
            "name": "Sveti Đurđ",
            "full_name": "Općina Sveti Đurđ",
            "city_type": 2,
            "county": 5
        }
    },
    {
        "model": "events.city",
        "pk": 131,
        "fields": {
            "name": "Sveti Ilija",
            "full_name": "Općina Sveti Ilija",
            "city_type": 2,
            "county": 5
        }
    },
    {
        "model": "events.city",
        "pk": 132,
        "fields": {
            "name": "Trnovec Bartolovečki",
            "full_name": "Općina Trnovec Bartolovečki",
            "city_type": 2,
            "county": 5
        }
    },
    {
        "model": "events.city",
        "pk": 133,
        "fields": {
            "name": "Veliki Bukovec",
            "full_name": "Općina Veliki Bukovec",
            "city_type": 2,
            "county": 5
        }
    },
    {
        "model": "events.city",
        "pk": 134,
        "fields": {
            "name": "Vidovec",
            "full_name": "Općina Vidovec",
            "city_type": 2,
            "county": 5
        }
    },
    {
        "model": "events.city",
        "pk": 135,
        "fields": {
            "name": "Vinica",
            "full_name": "Općina Vinica",
            "city_type": 2,
            "county": 5
        }
    },
    {
        "model": "events.city",
        "pk": 136,
        "fields": {
            "name": "Visoko",
            "full_name": "Općina Visoko",
            "city_type": 2,
            "county": 5
        }
    },
    {
        "model": "events.city",
        "pk": 137,
        "fields": {
            "name": "Đurđevac",
            "full_name": "Grad Đurđevac",
            "city_type": 1,
            "county": 6
        }
    },
    {
        "model": "events.city",
        "pk": 138,
        "fields": {
            "name": "Koprivnica",
            "full_name": "Grad Koprivnica",
            "city_type": 1,
            "county": 6
        }
    },
    {
        "model": "events.city",
        "pk": 139,
        "fields": {
            "name": "Križevci",
            "full_name": "Grad Križevci",
            "city_type": 1,
            "county": 6
        }
    },
    {
        "model": "events.city",
        "pk": 140,
        "fields": {
            "name": "Drnje",
            "full_name": "Općina Drnje",
            "city_type": 2,
            "county": 6
        }
    },
    {
        "model": "events.city",
        "pk": 141,
        "fields": {
            "name": "Đelekovec",
            "full_name": "Općina Đelekovec",
            "city_type": 2,
            "county": 6
        }
    },
    {
        "model": "events.city",
        "pk": 142,
        "fields": {
            "name": "Ferdinandovac",
            "full_name": "Općina Ferdinandovac",
            "city_type": 2,
            "county": 6
        }
    },
    {
        "model": "events.city",
        "pk": 143,
        "fields": {
            "name": "Gola",
            "full_name": "Općina Gola",
            "city_type": 2,
            "county": 6
        }
    },
    {
        "model": "events.city",
        "pk": 144,
        "fields": {
            "name": "Gornja Rijeka",
            "full_name": "Općina Gornja Rijeka",
            "city_type": 2,
            "county": 6
        }
    },
    {
        "model": "events.city",
        "pk": 145,
        "fields": {
            "name": "Hlebine",
            "full_name": "Općina Hlebine",
            "city_type": 2,
            "county": 6
        }
    },
    {
        "model": "events.city",
        "pk": 146,
        "fields": {
            "name": "Kalinovac",
            "full_name": "Općina Kalinovac",
            "city_type": 2,
            "county": 6
        }
    },
    {
        "model": "events.city",
        "pk": 147,
        "fields": {
            "name": "Kalnik",
            "full_name": "Općina Kalnik",
            "city_type": 2,
            "county": 6
        }
    },
    {
        "model": "events.city",
        "pk": 148,
        "fields": {
            "name": "Kloštar Podravski",
            "full_name": "Općina Kloštar Podravski",
            "city_type": 2,
            "county": 6
        }
    },
    {
        "model": "events.city",
        "pk": 149,
        "fields": {
            "name": "Koprivnički Bregi",
            "full_name": "Općina Koprivnički Bregi",
            "city_type": 2,
            "county": 6
        }
    },
    {
        "model": "events.city",
        "pk": 150,
        "fields": {
            "name": "Koprivnički Ivanec",
            "full_name": "Općina Koprivnički Ivanec",
            "city_type": 2,
            "county": 6
        }
    },
    {
        "model": "events.city",
        "pk": 151,
        "fields": {
            "name": "Legrad",
            "full_name": "Općina Legrad",
            "city_type": 2,
            "county": 6
        }
    },
    {
        "model": "events.city",
        "pk": 152,
        "fields": {
            "name": "Molve",
            "full_name": "Općina Molve",
            "city_type": 2,
            "county": 6
        }
    },
    {
        "model": "events.city",
        "pk": 153,
        "fields": {
            "name": "Novigrad Podravski",
            "full_name": "Općina Novigrad Podravski",
            "city_type": 2,
            "county": 6
        }
    },
    {
        "model": "events.city",
        "pk": 154,
        "fields": {
            "name": "Novo Virje",
            "full_name": "Općina Novo Virje",
            "city_type": 2,
            "county": 6
        }
    },
    {
        "model": "events.city",
        "pk": 155,
        "fields": {
            "name": "Peteranec",
            "full_name": "Općina Peteranec",
            "city_type": 2,
            "county": 6
        }
    },
    {
        "model": "events.city",
        "pk": 156,
        "fields": {
            "name": "Podravske Sesvete",
            "full_name": "Općina Podravske Sesvete",
            "city_type": 2,
            "county": 6
        }
    },
    {
        "model": "events.city",
        "pk": 157,
        "fields": {
            "name": "Rasinja",
            "full_name": "Općina Rasinja",
            "city_type": 2,
            "county": 6
        }
    },
    {
        "model": "events.city",
        "pk": 158,
        "fields": {
            "name": "Sokolovac",
            "full_name": "Općina Sokolovac",
            "city_type": 2,
            "county": 6
        }
    },
    {
        "model": "events.city",
        "pk": 159,
        "fields": {
            "name": "Sveti Ivan Žabno",
            "full_name": "Općina Sveti Ivan Žabno",
            "city_type": 2,
            "county": 6
        }
    },
    {
        "model": "events.city",
        "pk": 160,
        "fields": {
            "name": "Sveti Petar Orehovec",
            "full_name": "Općina Sveti Petar Orehovec",
            "city_type": 2,
            "county": 6
        }
    },
    {
        "model": "events.city",
        "pk": 161,
        "fields": {
            "name": "Virje",
            "full_name": "Općina Virje",
            "city_type": 2,
            "county": 6
        }
    },
    {
        "model": "events.city",
        "pk": 162,
        "fields": {
            "name": "Bjelovar",
            "full_name": "Grad Bjelovar",
            "city_type": 1,
            "county": 7
        }
    },
    {
        "model": "events.city",
        "pk": 163,
        "fields": {
            "name": "Čazma",
            "full_name": "Grad Čazma",
            "city_type": 1,
            "county": 7
        }
    },
    {
        "model": "events.city",
        "pk": 164,
        "fields": {
            "name": "Daruvar",
            "full_name": "Grad Daruvar",
            "city_type": 1,
            "county": 7
        }
    },
    {
        "model": "events.city",
        "pk": 165,
        "fields": {
            "name": "Garešnica",
            "full_name": "Grad Garešnica",
            "city_type": 1,
            "county": 7
        }
    },
    {
        "model": "events.city",
        "pk": 166,
        "fields": {
            "name": "Grubišno Polje",
            "full_name": "Grad Grubišno Polje",
            "city_type": 1,
            "county": 7
        }
    },
    {
        "model": "events.city",
        "pk": 167,
        "fields": {
            "name": "Berek",
            "full_name": "Općina Berek",
            "city_type": 2,
            "county": 7
        }
    },
    {
        "model": "events.city",
        "pk": 168,
        "fields": {
            "name": "Dežanovac",
            "full_name": "Općina Dežanovac",
            "city_type": 2,
            "county": 7
        }
    },
    {
        "model": "events.city",
        "pk": 169,
        "fields": {
            "name": "Đulovac",
            "full_name": "Općina Đulovac",
            "city_type": 2,
            "county": 7
        }
    },
    {
        "model": "events.city",
        "pk": 170,
        "fields": {
            "name": "Hercegovac",
            "full_name": "Općina Hercegovac",
            "city_type": 2,
            "county": 7
        }
    },
    {
        "model": "events.city",
        "pk": 171,
        "fields": {
            "name": "Ivanska",
            "full_name": "Općina Ivanska",
            "city_type": 2,
            "county": 7
        }
    },
    {
        "model": "events.city",
        "pk": 172,
        "fields": {
            "name": "Kapela",
            "full_name": "Općina Kapela",
            "city_type": 2,
            "county": 7
        }
    },
    {
        "model": "events.city",
        "pk": 173,
        "fields": {
            "name": "Končanica",
            "full_name": "Općina Končanica",
            "city_type": 2,
            "county": 7
        }
    },
    {
        "model": "events.city",
        "pk": 174,
        "fields": {
            "name": "Nova Rača",
            "full_name": "Općina Nova Rača",
            "city_type": 2,
            "county": 7
        }
    },
    {
        "model": "events.city",
        "pk": 175,
        "fields": {
            "name": "Rovišće",
            "full_name": "Općina Rovišće",
            "city_type": 2,
            "county": 7
        }
    },
    {
        "model": "events.city",
        "pk": 176,
        "fields": {
            "name": "Severin",
            "full_name": "Općina Severin",
            "city_type": 2,
            "county": 7
        }
    },
    {
        "model": "events.city",
        "pk": 177,
        "fields": {
            "name": "Sirač",
            "full_name": "Općina Sirač",
            "city_type": 2,
            "county": 7
        }
    },
    {
        "model": "events.city",
        "pk": 178,
        "fields": {
            "name": "Šandrovac",
            "full_name": "Općina Šandrovac",
            "city_type": 2,
            "county": 7
        }
    },
    {
        "model": "events.city",
        "pk": 179,
        "fields": {
            "name": "Štefanje",
            "full_name": "Općina Štefanje",
            "city_type": 2,
            "county": 7
        }
    },
    {
        "model": "events.city",
        "pk": 180,
        "fields": {
            "name": "Velika Pisanica",
            "full_name": "Općina Velika Pisanica",
            "city_type": 2,
            "county": 7
        }
    },
    {
        "model": "events.city",
        "pk": 181,
        "fields": {
            "name": "Velika Trnovitica",
            "full_name": "Općina Velika Trnovitica",
            "city_type": 2,
            "county": 7
        }
    },
    {
        "model": "events.city",
        "pk": 182,
        "fields": {
            "name": "Veliki Grđevac",
            "full_name": "Općina Veliki Grđevac",
            "city_type": 2,
            "county": 7
        }
    },
    {
        "model": "events.city",
        "pk": 183,
        "fields": {
            "name": "Veliko Trojstvo",
            "full_name": "Općina Veliko Trojstvo",
            "city_type": 2,
            "county": 7
        }
    },
    {
        "model": "events.city",
        "pk": 184,
        "fields": {
            "name": "Zrinski Topolovac",
            "full_name": "Općina Zrinski Topolovac",
            "city_type": 2,
            "county": 7
        }
    },
    {
        "model": "events.city",
        "pk": 185,
        "fields": {
            "name": "Bakar",
            "full_name": "Grad Bakar",
            "city_type": 1,
            "county": 8
        }
    },
    {
        "model": "events.city",
        "pk": 186,
        "fields": {
            "name": "Cres",
            "full_name": "Grad Cres",
            "city_type": 1,
            "county": 8
        }
    },
    {
        "model": "events.city",
        "pk": 187,
        "fields": {
            "name": "Crikvenica",
            "full_name": "Grad Crikvenica",
            "city_type": 1,
            "county": 8
        }
    },
    {
        "model": "events.city",
        "pk": 188,
        "fields": {
            "name": "Čabar",
            "full_name": "Grad Čabar",
            "city_type": 1,
            "county": 8
        }
    },
    {
        "model": "events.city",
        "pk": 189,
        "fields": {
            "name": "Delnice",
            "full_name": "Grad Delnice",
            "city_type": 1,
            "county": 8
        }
    },
    {
        "model": "events.city",
        "pk": 190,
        "fields": {
            "name": "Kastav",
            "full_name": "Grad Kastav",
            "city_type": 1,
            "county": 8
        }
    },
    {
        "model": "events.city",
        "pk": 191,
        "fields": {
            "name": "Kraljevica",
            "full_name": "Grad Kraljevica",
            "city_type": 1,
            "county": 8
        }
    },
    {
        "model": "events.city",
        "pk": 192,
        "fields": {
            "name": "Krk",
            "full_name": "Grad Krk",
            "city_type": 1,
            "county": 8
        }
    },
    {
        "model": "events.city",
        "pk": 193,
        "fields": {
            "name": "Mali Lošinj",
            "full_name": "Grad Mali Lošinj",
            "city_type": 1,
            "county": 8
        }
    },
    {
        "model": "events.city",
        "pk": 194,
        "fields": {
            "name": "Novi Vinodolski",
            "full_name": "Grad Novi Vinodolski",
            "city_type": 1,
            "county": 8
        }
    },
    {
        "model": "events.city",
        "pk": 195,
        "fields": {
            "name": "Opatija",
            "full_name": "Grad Opatija",
            "city_type": 1,
            "county": 8
        }
    },
    {
        "model": "events.city",
        "pk": 196,
        "fields": {
            "name": "Rab",
            "full_name": "Grad Rab",
            "city_type": 1,
            "county": 8
        }
    },
    {
        "model": "events.city",
        "pk": 197,
        "fields": {
            "name": "Rijeka",
            "full_name": "Grad Rijeka",
            "city_type": 1,
            "county": 8
        }
    },
    {
        "model": "events.city",
        "pk": 198,
        "fields": {
            "name": "Vrbovsko",
            "full_name": "Grad Vrbovsko",
            "city_type": 1,
            "county": 8
        }
    },
    {
        "model": "events.city",
        "pk": 199,
        "fields": {
            "name": "Baška",
            "full_name": "Općina Baška",
            "city_type": 2,
            "county": 8
        }
    },
    {
        "model": "events.city",
        "pk": 200,
        "fields": {
            "name": "Brod Moravice",
            "full_name": "Općina Brod Moravice",
            "city_type": 2,
            "county": 8
        }
    },
    {
        "model": "events.city",
        "pk": 201,
        "fields": {
            "name": "Čavle",
            "full_name": "Općina Čavle",
            "city_type": 2,
            "county": 8
        }
    },
    {
        "model": "events.city",
        "pk": 202,
        "fields": {
            "name": "Dobrinj",
            "full_name": "Općina Dobrinj",
            "city_type": 2,
            "county": 8
        }
    },
    {
        "model": "events.city",
        "pk": 203,
        "fields": {
            "name": "Fužine",
            "full_name": "Općina Fužine",
            "city_type": 2,
            "county": 8
        }
    },
    {
        "model": "events.city",
        "pk": 204,
        "fields": {
            "name": "Jelenje",
            "full_name": "Općina Jelenje",
            "city_type": 2,
            "county": 8
        }
    },
    {
        "model": "events.city",
        "pk": 205,
        "fields": {
            "name": "Klana",
            "full_name": "Općina Klana",
            "city_type": 2,
            "county": 8
        }
    },
    {
        "model": "events.city",
        "pk": 206,
        "fields": {
            "name": "Kostrena",
            "full_name": "Općina Kostrena",
            "city_type": 2,
            "county": 8
        }
    },
    {
        "model": "events.city",
        "pk": 207,
        "fields": {
            "name": "Lokve",
            "full_name": "Općina Lokve",
            "city_type": 2,
            "county": 8
        }
    },
    {
        "model": "events.city",
        "pk": 208,
        "fields": {
            "name": "Lopar",
            "full_name": "Općina Lopar",
            "city_type": 2,
            "county": 8
        }
    },
    {
        "model": "events.city",
        "pk": 209,
        "fields": {
            "name": "Lovran",
            "full_name": "Općina Lovran",
            "city_type": 2,
            "county": 8
        }
    },
    {
        "model": "events.city",
        "pk": 210,
        "fields": {
            "name": "Malinska-Dubašnica",
            "full_name": "Općina Malinska-Dubašnica",
            "city_type": 2,
            "county": 8
        }
    },
    {
        "model": "events.city",
        "pk": 211,
        "fields": {
            "name": "Matulji",
            "full_name": "Općina Matulji",
            "city_type": 2,
            "county": 8
        }
    },
    {
        "model": "events.city",
        "pk": 212,
        "fields": {
            "name": "Mošćenička Draga",
            "full_name": "Općina Mošćenička Draga",
            "city_type": 2,
            "county": 8
        }
    },
    {
        "model": "events.city",
        "pk": 213,
        "fields": {
            "name": "Mrkopalj",
            "full_name": "Općina Mrkopalj",
            "city_type": 2,
            "county": 8
        }
    },
    {
        "model": "events.city",
        "pk": 214,
        "fields": {
            "name": "Omišalj",
            "full_name": "Općina Omišalj",
            "city_type": 2,
            "county": 8
        }
    },
    {
        "model": "events.city",
        "pk": 215,
        "fields": {
            "name": "Punat",
            "full_name": "Općina Punat",
            "city_type": 2,
            "county": 8
        }
    },
    {
        "model": "events.city",
        "pk": 216,
        "fields": {
            "name": "Ravna Gora",
            "full_name": "Općina Ravna Gora",
            "city_type": 2,
            "county": 8
        }
    },
    {
        "model": "events.city",
        "pk": 217,
        "fields": {
            "name": "Skrad",
            "full_name": "Općina Skrad",
            "city_type": 2,
            "county": 8
        }
    },
    {
        "model": "events.city",
        "pk": 218,
        "fields": {
            "name": "Vinodolska općina - (sjedište Bribir)",
            "full_name": "Općina Vinodolska općina - (sjedište Bribir)",
            "city_type": 2,
            "county": 8
        }
    },
    {
        "model": "events.city",
        "pk": 219,
        "fields": {
            "name": "Viškovo",
            "full_name": "Općina Viškovo",
            "city_type": 2,
            "county": 8
        }
    },
    {
        "model": "events.city",
        "pk": 220,
        "fields": {
            "name": "Vrbnik",
            "full_name": "Općina Vrbnik",
            "city_type": 2,
            "county": 8
        }
    },
    {
        "model": "events.city",
        "pk": 221,
        "fields": {
            "name": "Gospić",
            "full_name": "Grad Gospić",
            "city_type": 1,
            "county": 9
        }
    },
    {
        "model": "events.city",
        "pk": 222,
        "fields": {
            "name": "Novalja",
            "full_name": "Grad Novalja",
            "city_type": 1,
            "county": 9
        }
    },
    {
        "model": "events.city",
        "pk": 223,
        "fields": {
            "name": "Otočac",
            "full_name": "Grad Otočac",
            "city_type": 1,
            "county": 9
        }
    },
    {
        "model": "events.city",
        "pk": 224,
        "fields": {
            "name": "Senj",
            "full_name": "Grad Senj",
            "city_type": 1,
            "county": 9
        }
    },
    {
        "model": "events.city",
        "pk": 225,
        "fields": {
            "name": "Brinje",
            "full_name": "Općina Brinje",
            "city_type": 2,
            "county": 9
        }
    },
    {
        "model": "events.city",
        "pk": 226,
        "fields": {
            "name": "Donji Lapac",
            "full_name": "Općina Donji Lapac",
            "city_type": 2,
            "county": 9
        }
    },
    {
        "model": "events.city",
        "pk": 227,
        "fields": {
            "name": "Karlobag",
            "full_name": "Općina Karlobag",
            "city_type": 2,
            "county": 9
        }
    },
    {
        "model": "events.city",
        "pk": 228,
        "fields": {
            "name": "Lovinac",
            "full_name": "Općina Lovinac",
            "city_type": 2,
            "county": 9
        }
    },
    {
        "model": "events.city",
        "pk": 229,
        "fields": {
            "name": "Perušić",
            "full_name": "Općina Perušić",
            "city_type": 2,
            "county": 9
        }
    },
    {
        "model": "events.city",
        "pk": 230,
        "fields": {
            "name": "Plitvička jezera - (sjedište Korenica)",
            "full_name": "Općina Plitvička jezera - (sjedište Korenica)",
            "city_type": 2,
            "county": 9
        }
    },
    {
        "model": "events.city",
        "pk": 231,
        "fields": {
            "name": "Udbina",
            "full_name": "Općina Udbina",
            "city_type": 2,
            "county": 9
        }
    },
    {
        "model": "events.city",
        "pk": 232,
        "fields": {
            "name": "Vrhovine",
            "full_name": "Općina Vrhovine",
            "city_type": 2,
            "county": 9
        }
    },
    {
        "model": "events.city",
        "pk": 233,
        "fields": {
            "name": "Orahovica",
            "full_name": "Grad Orahovica",
            "city_type": 1,
            "county": 10
        }
    },
    {
        "model": "events.city",
        "pk": 234,
        "fields": {
            "name": "Slatina",
            "full_name": "Grad Slatina",
            "city_type": 1,
            "county": 10
        }
    },
    {
        "model": "events.city",
        "pk": 235,
        "fields": {
            "name": "Virovitica",
            "full_name": "Grad Virovitica",
            "city_type": 1,
            "county": 10
        }
    },
    {
        "model": "events.city",
        "pk": 236,
        "fields": {
            "name": "Crnac",
            "full_name": "Općina Crnac",
            "city_type": 2,
            "county": 10
        }
    },
    {
        "model": "events.city",
        "pk": 237,
        "fields": {
            "name": "Čačinci",
            "full_name": "Općina Čačinci",
            "city_type": 2,
            "county": 10
        }
    },
    {
        "model": "events.city",
        "pk": 238,
        "fields": {
            "name": "Čađavica",
            "full_name": "Općina Čađavica",
            "city_type": 2,
            "county": 10
        }
    },
    {
        "model": "events.city",
        "pk": 239,
        "fields": {
            "name": "Gradina",
            "full_name": "Općina Gradina",
            "city_type": 2,
            "county": 10
        }
    },
    {
        "model": "events.city",
        "pk": 240,
        "fields": {
            "name": "Lukač",
            "full_name": "Općina Lukač",
            "city_type": 2,
            "county": 10
        }
    },
    {
        "model": "events.city",
        "pk": 241,
        "fields": {
            "name": "Mikleuš",
            "full_name": "Općina Mikleuš",
            "city_type": 2,
            "county": 10
        }
    },
    {
        "model": "events.city",
        "pk": 242,
        "fields": {
            "name": "Nova Bukovica",
            "full_name": "Općina Nova Bukovica",
            "city_type": 2,
            "county": 10
        }
    },
    {
        "model": "events.city",
        "pk": 243,
        "fields": {
            "name": "Pitomača",
            "full_name": "Općina Pitomača",
            "city_type": 2,
            "county": 10
        }
    },
    {
        "model": "events.city",
        "pk": 244,
        "fields": {
            "name": "Sopje",
            "full_name": "Općina Sopje",
            "city_type": 2,
            "county": 10
        }
    },
    {
        "model": "events.city",
        "pk": 245,
        "fields": {
            "name": "Suhopolje",
            "full_name": "Općina Suhopolje",
            "city_type": 2,
            "county": 10
        }
    },
    {
        "model": "events.city",
        "pk": 246,
        "fields": {
            "name": "Špišić Bukovica",
            "full_name": "Općina Špišić Bukovica",
            "city_type": 2,
            "county": 10
        }
    },
    {
        "model": "events.city",
        "pk": 247,
        "fields": {
            "name": "Voćin",
            "full_name": "Općina Voćin",
            "city_type": 2,
            "county": 10
        }
    },
    {
        "model": "events.city",
        "pk": 248,
        "fields": {
            "name": "Zdenci",
            "full_name": "Općina Zdenci",
            "city_type": 2,
            "county": 10
        }
    },
    {
        "model": "events.city",
        "pk": 249,
        "fields": {
            "name": "Kutjevo",
            "full_name": "Grad Kutjevo",
            "city_type": 1,
            "county": 11
        }
    },
    {
        "model": "events.city",
        "pk": 250,
        "fields": {
            "name": "Lipik",
            "full_name": "Grad Lipik",
            "city_type": 1,
            "county": 11
        }
    },
    {
        "model": "events.city",
        "pk": 251,
        "fields": {
            "name": "Pakrac",
            "full_name": "Grad Pakrac",
            "city_type": 1,
            "county": 11
        }
    },
    {
        "model": "events.city",
        "pk": 252,
        "fields": {
            "name": "Pleternica",
            "full_name": "Grad Pleternica",
            "city_type": 1,
            "county": 11
        }
    },
    {
        "model": "events.city",
        "pk": 253,
        "fields": {
            "name": "Požega",
            "full_name": "Grad Požega",
            "city_type": 1,
            "county": 11
        }
    },
    {
        "model": "events.city",
        "pk": 254,
        "fields": {
            "name": "Brestovac",
            "full_name": "Općina Brestovac",
            "city_type": 2,
            "county": 11
        }
    },
    {
        "model": "events.city",
        "pk": 255,
        "fields": {
            "name": "Čaglin",
            "full_name": "Općina Čaglin",
            "city_type": 2,
            "county": 11
        }
    },
    {
        "model": "events.city",
        "pk": 256,
        "fields": {
            "name": "Jakšić",
            "full_name": "Općina Jakšić",
            "city_type": 2,
            "county": 11
        }
    },
    {
        "model": "events.city",
        "pk": 257,
        "fields": {
            "name": "Kaptol",
            "full_name": "Općina Kaptol",
            "city_type": 2,
            "county": 11
        }
    },
    {
        "model": "events.city",
        "pk": 258,
        "fields": {
            "name": "Velika",
            "full_name": "Općina Velika",
            "city_type": 2,
            "county": 11
        }
    },
    {
        "model": "events.city",
        "pk": 259,
        "fields": {
            "name": "Nova Gradiška",
            "full_name": "Grad Nova Gradiška",
            "city_type": 1,
            "county": 12
        }
    },
    {
        "model": "events.city",
        "pk": 260,
        "fields": {
            "name": "Slavonski Brod",
            "full_name": "Grad Slavonski Brod",
            "city_type": 1,
            "county": 12
        }
    },
    {
        "model": "events.city",
        "pk": 261,
        "fields": {
            "name": "Bebrina",
            "full_name": "Općina Bebrina",
            "city_type": 2,
            "county": 12
        }
    },
    {
        "model": "events.city",
        "pk": 262,
        "fields": {
            "name": "Brodski Stupnik",
            "full_name": "Općina Brodski Stupnik",
            "city_type": 2,
            "county": 12
        }
    },
    {
        "model": "events.city",
        "pk": 263,
        "fields": {
            "name": "Bukovlje",
            "full_name": "Općina Bukovlje",
            "city_type": 2,
            "county": 12
        }
    },
    {
        "model": "events.city",
        "pk": 264,
        "fields": {
            "name": "Cernik",
            "full_name": "Općina Cernik",
            "city_type": 2,
            "county": 12
        }
    },
    {
        "model": "events.city",
        "pk": 265,
        "fields": {
            "name": "Davor",
            "full_name": "Općina Davor",
            "city_type": 2,
            "county": 12
        }
    },
    {
        "model": "events.city",
        "pk": 266,
        "fields": {
            "name": "Donji Andrijevci",
            "full_name": "Općina Donji Andrijevci",
            "city_type": 2,
            "county": 12
        }
    },
    {
        "model": "events.city",
        "pk": 267,
        "fields": {
            "name": "Dragalić",
            "full_name": "Općina Dragalić",
            "city_type": 2,
            "county": 12
        }
    },
    {
        "model": "events.city",
        "pk": 268,
        "fields": {
            "name": "Garčin",
            "full_name": "Općina Garčin",
            "city_type": 2,
            "county": 12
        }
    },
    {
        "model": "events.city",
        "pk": 269,
        "fields": {
            "name": "Gornja Vrba",
            "full_name": "Općina Gornja Vrba",
            "city_type": 2,
            "county": 12
        }
    },
    {
        "model": "events.city",
        "pk": 270,
        "fields": {
            "name": "Gornji Bogićevci",
            "full_name": "Općina Gornji Bogićevci",
            "city_type": 2,
            "county": 12
        }
    },
    {
        "model": "events.city",
        "pk": 271,
        "fields": {
            "name": "Gundinci",
            "full_name": "Općina Gundinci",
            "city_type": 2,
            "county": 12
        }
    },
    {
        "model": "events.city",
        "pk": 272,
        "fields": {
            "name": "Klakar",
            "full_name": "Općina Klakar",
            "city_type": 2,
            "county": 12
        }
    },
    {
        "model": "events.city",
        "pk": 273,
        "fields": {
            "name": "Nova Kapela",
            "full_name": "Općina Nova Kapela",
            "city_type": 2,
            "county": 12
        }
    },
    {
        "model": "events.city",
        "pk": 274,
        "fields": {
            "name": "Okučani",
            "full_name": "Općina Okučani",
            "city_type": 2,
            "county": 12
        }
    },
    {
        "model": "events.city",
        "pk": 275,
        "fields": {
            "name": "Oprisavci",
            "full_name": "Općina Oprisavci",
            "city_type": 2,
            "county": 12
        }
    },
    {
        "model": "events.city",
        "pk": 276,
        "fields": {
            "name": "Oriovac",
            "full_name": "Općina Oriovac",
            "city_type": 2,
            "county": 12
        }
    },
    {
        "model": "events.city",
        "pk": 277,
        "fields": {
            "name": "Podcrkavlje",
            "full_name": "Općina Podcrkavlje",
            "city_type": 2,
            "county": 12
        }
    },
    {
        "model": "events.city",
        "pk": 278,
        "fields": {
            "name": "Rešetari",
            "full_name": "Općina Rešetari",
            "city_type": 2,
            "county": 12
        }
    },
    {
        "model": "events.city",
        "pk": 279,
        "fields": {
            "name": "Sibinj",
            "full_name": "Općina Sibinj",
            "city_type": 2,
            "county": 12
        }
    },
    {
        "model": "events.city",
        "pk": 280,
        "fields": {
            "name": "Sikirevci",
            "full_name": "Općina Sikirevci",
            "city_type": 2,
            "county": 12
        }
    },
    {
        "model": "events.city",
        "pk": 281,
        "fields": {
            "name": "Slavonski Šamac",
            "full_name": "Općina Slavonski Šamac",
            "city_type": 2,
            "county": 12
        }
    },
    {
        "model": "events.city",
        "pk": 282,
        "fields": {
            "name": "Stara Gradiška",
            "full_name": "Općina Stara Gradiška",
            "city_type": 2,
            "county": 12
        }
    },
    {
        "model": "events.city",
        "pk": 283,
        "fields": {
            "name": "Staro Petrovo Selo",
            "full_name": "Općina Staro Petrovo Selo",
            "city_type": 2,
            "county": 12
        }
    },
    {
        "model": "events.city",
        "pk": 284,
        "fields": {
            "name": "Velika Kopanica",
            "full_name": "Općina Velika Kopanica",
            "city_type": 2,
            "county": 12
        }
    },
    {
        "model": "events.city",
        "pk": 285,
        "fields": {
            "name": "Vrbje",
            "full_name": "Općina Vrbje",
            "city_type": 2,
            "county": 12
        }
    },
    {
        "model": "events.city",
        "pk": 286,
        "fields": {
            "name": "Vrpolje",
            "full_name": "Općina Vrpolje",
            "city_type": 2,
            "county": 12
        }
    },
    {
        "model": "events.city",
        "pk": 287,
        "fields": {
            "name": "Benkovac",
            "full_name": "Grad Benkovac",
            "city_type": 1,
            "county": 13
        }
    },
    {
        "model": "events.city",
        "pk": 288,
        "fields": {
            "name": "Biograd na Moru",
            "full_name": "Grad Biograd na Moru",
            "city_type": 1,
            "county": 13
        }
    },
    {
        "model": "events.city",
        "pk": 289,
        "fields": {
            "name": "Nin",
            "full_name": "Grad Nin",
            "city_type": 1,
            "county": 13
        }
    },
    {
        "model": "events.city",
        "pk": 290,
        "fields": {
            "name": "Obrovac",
            "full_name": "Grad Obrovac",
            "city_type": 1,
            "county": 13
        }
    },
    {
        "model": "events.city",
        "pk": 291,
        "fields": {
            "name": "Pag",
            "full_name": "Grad Pag",
            "city_type": 1,
            "county": 13
        }
    },
    {
        "model": "events.city",
        "pk": 292,
        "fields": {
            "name": "Zadar",
            "full_name": "Grad Zadar",
            "city_type": 1,
            "county": 13
        }
    },
    {
        "model": "events.city",
        "pk": 293,
        "fields": {
            "name": "Bibinje",
            "full_name": "Općina Bibinje",
            "city_type": 2,
            "county": 13
        }
    },
    {
        "model": "events.city",
        "pk": 294,
        "fields": {
            "name": "Galovac",
            "full_name": "Općina Galovac",
            "city_type": 2,
            "county": 13
        }
    },
    {
        "model": "events.city",
        "pk": 295,
        "fields": {
            "name": "Gračac",
            "full_name": "Općina Gračac",
            "city_type": 2,
            "county": 13
        }
    },
    {
        "model": "events.city",
        "pk": 296,
        "fields": {
            "name": "Jasenice",
            "full_name": "Općina Jasenice",
            "city_type": 2,
            "county": 13
        }
    },
    {
        "model": "events.city",
        "pk": 297,
        "fields": {
            "name": "Kali",
            "full_name": "Općina Kali",
            "city_type": 2,
            "county": 13
        }
    },
    {
        "model": "events.city",
        "pk": 298,
        "fields": {
            "name": "Kolan",
            "full_name": "Općina Kolan",
            "city_type": 2,
            "county": 13
        }
    },
    {
        "model": "events.city",
        "pk": 299,
        "fields": {
            "name": "Kukljica",
            "full_name": "Općina Kukljica",
            "city_type": 2,
            "county": 13
        }
    },
    {
        "model": "events.city",
        "pk": 300,
        "fields": {
            "name": "Lišane Ostrovičke",
            "full_name": "Općina Lišane Ostrovičke",
            "city_type": 2,
            "county": 13
        }
    },
    {
        "model": "events.city",
        "pk": 301,
        "fields": {
            "name": "Novigrad",
            "full_name": "Općina Novigrad",
            "city_type": 2,
            "county": 13
        }
    },
    {
        "model": "events.city",
        "pk": 302,
        "fields": {
            "name": "Pakoštane",
            "full_name": "Općina Pakoštane",
            "city_type": 2,
            "county": 13
        }
    },
    {
        "model": "events.city",
        "pk": 303,
        "fields": {
            "name": "Pašman",
            "full_name": "Općina Pašman",
            "city_type": 2,
            "county": 13
        }
    },
    {
        "model": "events.city",
        "pk": 304,
        "fields": {
            "name": "Polača",
            "full_name": "Općina Polača",
            "city_type": 2,
            "county": 13
        }
    },
    {
        "model": "events.city",
        "pk": 305,
        "fields": {
            "name": "Poličnik",
            "full_name": "Općina Poličnik",
            "city_type": 2,
            "county": 13
        }
    },
    {
        "model": "events.city",
        "pk": 306,
        "fields": {
            "name": "Posedarje",
            "full_name": "Općina Posedarje",
            "city_type": 2,
            "county": 13
        }
    },
    {
        "model": "events.city",
        "pk": 307,
        "fields": {
            "name": "Povljana",
            "full_name": "Općina Povljana",
            "city_type": 2,
            "county": 13
        }
    },
    {
        "model": "events.city",
        "pk": 308,
        "fields": {
            "name": "Preko",
            "full_name": "Općina Preko",
            "city_type": 2,
            "county": 13
        }
    },
    {
        "model": "events.city",
        "pk": 309,
        "fields": {
            "name": "Privlaka",
            "full_name": "Općina Privlaka",
            "city_type": 2,
            "county": 13
        }
    },
    {
        "model": "events.city",
        "pk": 310,
        "fields": {
            "name": "Ražanac",
            "full_name": "Općina Ražanac",
            "city_type": 2,
            "county": 13
        }
    },
    {
        "model": "events.city",
        "pk": 311,
        "fields": {
            "name": "Sali",
            "full_name": "Općina Sali",
            "city_type": 2,
            "county": 13
        }
    },
    {
        "model": "events.city",
        "pk": 312,
        "fields": {
            "name": "Stankovci",
            "full_name": "Općina Stankovci",
            "city_type": 2,
            "county": 13
        }
    },
    {
        "model": "events.city",
        "pk": 313,
        "fields": {
            "name": "Starigrad",
            "full_name": "Općina Starigrad",
            "city_type": 2,
            "county": 13
        }
    },
    {
        "model": "events.city",
        "pk": 314,
        "fields": {
            "name": "Sukošan",
            "full_name": "Općina Sukošan",
            "city_type": 2,
            "county": 13
        }
    },
    {
        "model": "events.city",
        "pk": 315,
        "fields": {
            "name": "Sveti Filip i Jakov",
            "full_name": "Općina Sveti Filip i Jakov",
            "city_type": 2,
            "county": 13
        }
    },
    {
        "model": "events.city",
        "pk": 316,
        "fields": {
            "name": "Škabrnja",
            "full_name": "Općina Škabrnja",
            "city_type": 2,
            "county": 13
        }
    },
    {
        "model": "events.city",
        "pk": 317,
        "fields": {
            "name": "Tkon",
            "full_name": "Općina Tkon",
            "city_type": 2,
            "county": 13
        }
    },
    {
        "model": "events.city",
        "pk": 318,
        "fields": {
            "name": "Vir",
            "full_name": "Općina Vir",
            "city_type": 2,
            "county": 13
        }
    },
    {
        "model": "events.city",
        "pk": 319,
        "fields": {
            "name": "Vrsi",
            "full_name": "Općina Vrsi",
            "city_type": 2,
            "county": 13
        }
    },
    {
        "model": "events.city",
        "pk": 320,
        "fields": {
            "name": "Zemunik Donji",
            "full_name": "Općina Zemunik Donji",
            "city_type": 2,
            "county": 13
        }
    },
    {
        "model": "events.city",
        "pk": 321,
        "fields": {
            "name": "Beli Manastir",
            "full_name": "Grad Beli Manastir",
            "city_type": 1,
            "county": 14
        }
    },
    {
        "model": "events.city",
        "pk": 322,
        "fields": {
            "name": "Belišće",
            "full_name": "Grad Belišće",
            "city_type": 1,
            "county": 14
        }
    },
    {
        "model": "events.city",
        "pk": 323,
        "fields": {
            "name": "Donji Miholjac",
            "full_name": "Grad Donji Miholjac",
            "city_type": 1,
            "county": 14
        }
    },
    {
        "model": "events.city",
        "pk": 324,
        "fields": {
            "name": "Đakovo",
            "full_name": "Grad Đakovo",
            "city_type": 1,
            "county": 14
        }
    },
    {
        "model": "events.city",
        "pk": 325,
        "fields": {
            "name": "Našice",
            "full_name": "Grad Našice",
            "city_type": 1,
            "county": 14
        }
    },
    {
        "model": "events.city",
        "pk": 326,
        "fields": {
            "name": "Osijek",
            "full_name": "Grad Osijek",
            "city_type": 1,
            "county": 14
        }
    },
    {
        "model": "events.city",
        "pk": 327,
        "fields": {
            "name": "Valpovo",
            "full_name": "Grad Valpovo",
            "city_type": 1,
            "county": 14
        }
    },
    {
        "model": "events.city",
        "pk": 328,
        "fields": {
            "name": "Antunovac",
            "full_name": "Općina Antunovac",
            "city_type": 2,
            "county": 14
        }
    },
    {
        "model": "events.city",
        "pk": 329,
        "fields": {
            "name": "Bilje",
            "full_name": "Općina Bilje",
            "city_type": 2,
            "county": 14
        }
    },
    {
        "model": "events.city",
        "pk": 330,
        "fields": {
            "name": "Bizovac",
            "full_name": "Općina Bizovac",
            "city_type": 2,
            "county": 14
        }
    },
    {
        "model": "events.city",
        "pk": 331,
        "fields": {
            "name": "Čeminac",
            "full_name": "Općina Čeminac",
            "city_type": 2,
            "county": 14
        }
    },
    {
        "model": "events.city",
        "pk": 332,
        "fields": {
            "name": "Čepin",
            "full_name": "Općina Čepin",
            "city_type": 2,
            "county": 14
        }
    },
    {
        "model": "events.city",
        "pk": 333,
        "fields": {
            "name": "Darda",
            "full_name": "Općina Darda",
            "city_type": 2,
            "county": 14
        }
    },
    {
        "model": "events.city",
        "pk": 334,
        "fields": {
            "name": "Donja Motičina",
            "full_name": "Općina Donja Motičina",
            "city_type": 2,
            "county": 14
        }
    },
    {
        "model": "events.city",
        "pk": 335,
        "fields": {
            "name": "Draž",
            "full_name": "Općina Draž",
            "city_type": 2,
            "county": 14
        }
    },
    {
        "model": "events.city",
        "pk": 336,
        "fields": {
            "name": "Drenje",
            "full_name": "Općina Drenje",
            "city_type": 2,
            "county": 14
        }
    },
    {
        "model": "events.city",
        "pk": 337,
        "fields": {
            "name": "Đurđenovac",
            "full_name": "Općina Đurđenovac",
            "city_type": 2,
            "county": 14
        }
    },
    {
        "model": "events.city",
        "pk": 338,
        "fields": {
            "name": "Erdut",
            "full_name": "Općina Erdut",
            "city_type": 2,
            "county": 14
        }
    },
    {
        "model": "events.city",
        "pk": 339,
        "fields": {
            "name": "Ernestinovo",
            "full_name": "Općina Ernestinovo",
            "city_type": 2,
            "county": 14
        }
    },
    {
        "model": "events.city",
        "pk": 340,
        "fields": {
            "name": "Feričanci",
            "full_name": "Općina Feričanci",
            "city_type": 2,
            "county": 14
        }
    },
    {
        "model": "events.city",
        "pk": 341,
        "fields": {
            "name": "Gorjani",
            "full_name": "Općina Gorjani",
            "city_type": 2,
            "county": 14
        }
    },
    {
        "model": "events.city",
        "pk": 342,
        "fields": {
            "name": "Jagodnjak",
            "full_name": "Općina Jagodnjak",
            "city_type": 2,
            "county": 14
        }
    },
    {
        "model": "events.city",
        "pk": 343,
        "fields": {
            "name": "Kneževi Vinogradi",
            "full_name": "Općina Kneževi Vinogradi",
            "city_type": 2,
            "county": 14
        }
    },
    {
        "model": "events.city",
        "pk": 344,
        "fields": {
            "name": "Koška",
            "full_name": "Općina Koška",
            "city_type": 2,
            "county": 14
        }
    },
    {
        "model": "events.city",
        "pk": 345,
        "fields": {
            "name": "Levanjska Varoš",
            "full_name": "Općina Levanjska Varoš",
            "city_type": 2,
            "county": 14
        }
    },
    {
        "model": "events.city",
        "pk": 346,
        "fields": {
            "name": "Magadenovac",
            "full_name": "Općina Magadenovac",
            "city_type": 2,
            "county": 14
        }
    },
    {
        "model": "events.city",
        "pk": 347,
        "fields": {
            "name": "Marijanci",
            "full_name": "Općina Marijanci",
            "city_type": 2,
            "county": 14
        }
    },
    {
        "model": "events.city",
        "pk": 348,
        "fields": {
            "name": "Petlovac",
            "full_name": "Općina Petlovac",
            "city_type": 2,
            "county": 14
        }
    },
    {
        "model": "events.city",
        "pk": 349,
        "fields": {
            "name": "Petrijevci",
            "full_name": "Općina Petrijevci",
            "city_type": 2,
            "county": 14
        }
    },
    {
        "model": "events.city",
        "pk": 350,
        "fields": {
            "name": "Podgorač",
            "full_name": "Općina Podgorač",
            "city_type": 2,
            "county": 14
        }
    },
    {
        "model": "events.city",
        "pk": 351,
        "fields": {
            "name": "Podravska Moslavina",
            "full_name": "Općina Podravska Moslavina",
            "city_type": 2,
            "county": 14
        }
    },
    {
        "model": "events.city",
        "pk": 352,
        "fields": {
            "name": "Popovac",
            "full_name": "Općina Popovac",
            "city_type": 2,
            "county": 14
        }
    },
    {
        "model": "events.city",
        "pk": 353,
        "fields": {
            "name": "Punitovci",
            "full_name": "Općina Punitovci",
            "city_type": 2,
            "county": 14
        }
    },
    {
        "model": "events.city",
        "pk": 354,
        "fields": {
            "name": "Satnica Đakovačka",
            "full_name": "Općina Satnica Đakovačka",
            "city_type": 2,
            "county": 14
        }
    },
    {
        "model": "events.city",
        "pk": 355,
        "fields": {
            "name": "Semeljci",
            "full_name": "Općina Semeljci",
            "city_type": 2,
            "county": 14
        }
    },
    {
        "model": "events.city",
        "pk": 356,
        "fields": {
            "name": "Strizivojna",
            "full_name": "Općina Strizivojna",
            "city_type": 2,
            "county": 14
        }
    },
    {
        "model": "events.city",
        "pk": 357,
        "fields": {
            "name": "Šodolovci",
            "full_name": "Općina Šodolovci",
            "city_type": 2,
            "county": 14
        }
    },
    {
        "model": "events.city",
        "pk": 358,
        "fields": {
            "name": "Trnava",
            "full_name": "Općina Trnava",
            "city_type": 2,
            "county": 14
        }
    },
    {
        "model": "events.city",
        "pk": 359,
        "fields": {
            "name": "Viljevo",
            "full_name": "Općina Viljevo",
            "city_type": 2,
            "county": 14
        }
    },
    {
        "model": "events.city",
        "pk": 360,
        "fields": {
            "name": "Viškovci",
            "full_name": "Općina Viškovci",
            "city_type": 2,
            "county": 14
        }
    },
    {
        "model": "events.city",
        "pk": 361,
        "fields": {
            "name": "Vladislavci",
            "full_name": "Općina Vladislavci",
            "city_type": 2,
            "county": 14
        }
    },
    {
        "model": "events.city",
        "pk": 362,
        "fields": {
            "name": "Vuka",
            "full_name": "Općina Vuka",
            "city_type": 2,
            "county": 14
        }
    },
    {
        "model": "events.city",
        "pk": 363,
        "fields": {
            "name": "Drniš",
            "full_name": "Grad Drniš",
            "city_type": 1,
            "county": 15
        }
    },
    {
        "model": "events.city",
        "pk": 364,
        "fields": {
            "name": "Knin",
            "full_name": "Grad Knin",
            "city_type": 1,
            "county": 15
        }
    },
    {
        "model": "events.city",
        "pk": 365,
        "fields": {
            "name": "Skradin",
            "full_name": "Grad Skradin",
            "city_type": 1,
            "county": 15
        }
    },
    {
        "model": "events.city",
        "pk": 366,
        "fields": {
            "name": "Šibenik",
            "full_name": "Grad Šibenik",
            "city_type": 1,
            "county": 15
        }
    },
    {
        "model": "events.city",
        "pk": 367,
        "fields": {
            "name": "Vodice",
            "full_name": "Grad Vodice",
            "city_type": 1,
            "county": 15
        }
    },
    {
        "model": "events.city",
        "pk": 368,
        "fields": {
            "name": "Bilice",
            "full_name": "Općina Bilice",
            "city_type": 2,
            "county": 15
        }
    },
    {
        "model": "events.city",
        "pk": 369,
        "fields": {
            "name": "Biskupija",
            "full_name": "Općina Biskupija",
            "city_type": 2,
            "county": 15
        }
    },
    {
        "model": "events.city",
        "pk": 370,
        "fields": {
            "name": "Civljane",
            "full_name": "Općina Civljane",
            "city_type": 2,
            "county": 15
        }
    },
    {
        "model": "events.city",
        "pk": 371,
        "fields": {
            "name": "Ervenik",
            "full_name": "Općina Ervenik",
            "city_type": 2,
            "county": 15
        }
    },
    {
        "model": "events.city",
        "pk": 372,
        "fields": {
            "name": "Kijevo",
            "full_name": "Općina Kijevo",
            "city_type": 2,
            "county": 15
        }
    },
    {
        "model": "events.city",
        "pk": 373,
        "fields": {
            "name": "Kistanje",
            "full_name": "Općina Kistanje",
            "city_type": 2,
            "county": 15
        }
    },
    {
        "model": "events.city",
        "pk": 374,
        "fields": {
            "name": "Murter-Kornati",
            "full_name": "Općina Murter-Kornati",
            "city_type": 2,
            "county": 15
        }
    },
    {
        "model": "events.city",
        "pk": 375,
        "fields": {
            "name": "Pirovac",
            "full_name": "Općina Pirovac",
            "city_type": 2,
            "county": 15
        }
    },
    {
        "model": "events.city",
        "pk": 376,
        "fields": {
            "name": "Primošten",
            "full_name": "Općina Primošten",
            "city_type": 2,
            "county": 15
        }
    },
    {
        "model": "events.city",
        "pk": 377,
        "fields": {
            "name": "Promina - (sjedište Oklaj)",
            "full_name": "Općina Promina - (sjedište Oklaj)",
            "city_type": 2,
            "county": 15
        }
    },
    {
        "model": "events.city",
        "pk": 378,
        "fields": {
            "name": "Rogoznica",
            "full_name": "Općina Rogoznica",
            "city_type": 2,
            "county": 15
        }
    },
    {
        "model": "events.city",
        "pk": 379,
        "fields": {
            "name": "Ružić - (sjedište Gradac)",
            "full_name": "Općina Ružić - (sjedište Gradac)",
            "city_type": 2,
            "county": 15
        }
    },
    {
        "model": "events.city",
        "pk": 380,
        "fields": {
            "name": "Tisno",
            "full_name": "Općina Tisno",
            "city_type": 2,
            "county": 15
        }
    },
    {
        "model": "events.city",
        "pk": 381,
        "fields": {
            "name": "Tribunj",
            "full_name": "Općina Tribunj",
            "city_type": 2,
            "county": 15
        }
    },
    {
        "model": "events.city",
        "pk": 382,
        "fields": {
            "name": "Unešić",
            "full_name": "Općina Unešić",
            "city_type": 2,
            "county": 15
        }
    },
    {
        "model": "events.city",
        "pk": 383,
        "fields": {
            "name": "Ilok",
            "full_name": "Grad Ilok",
            "city_type": 1,
            "county": 16
        }
    },
    {
        "model": "events.city",
        "pk": 384,
        "fields": {
            "name": "Otok",
            "full_name": "Grad Otok",
            "city_type": 1,
            "county": 16
        }
    },
    {
        "model": "events.city",
        "pk": 385,
        "fields": {
            "name": "Vinkovci",
            "full_name": "Grad Vinkovci",
            "city_type": 1,
            "county": 16
        }
    },
    {
        "model": "events.city",
        "pk": 386,
        "fields": {
            "name": "Vukovar",
            "full_name": "Grad Vukovar",
            "city_type": 1,
            "county": 16
        }
    },
    {
        "model": "events.city",
        "pk": 387,
        "fields": {
            "name": "Županja",
            "full_name": "Grad Županja",
            "city_type": 1,
            "county": 16
        }
    },
    {
        "model": "events.city",
        "pk": 388,
        "fields": {
            "name": "Andrijaševci",
            "full_name": "Općina Andrijaševci",
            "city_type": 2,
            "county": 16
        }
    },
    {
        "model": "events.city",
        "pk": 389,
        "fields": {
            "name": "Babina Greda",
            "full_name": "Općina Babina Greda",
            "city_type": 2,
            "county": 16
        }
    },
    {
        "model": "events.city",
        "pk": 390,
        "fields": {
            "name": "Bogdanovci",
            "full_name": "Općina Bogdanovci",
            "city_type": 2,
            "county": 16
        }
    },
    {
        "model": "events.city",
        "pk": 391,
        "fields": {
            "name": "Borovo",
            "full_name": "Općina Borovo",
            "city_type": 2,
            "county": 16
        }
    },
    {
        "model": "events.city",
        "pk": 392,
        "fields": {
            "name": "Bošnjaci",
            "full_name": "Općina Bošnjaci",
            "city_type": 2,
            "county": 16
        }
    },
    {
        "model": "events.city",
        "pk": 393,
        "fields": {
            "name": "Cerna",
            "full_name": "Općina Cerna",
            "city_type": 2,
            "county": 16
        }
    },
    {
        "model": "events.city",
        "pk": 394,
        "fields": {
            "name": "Drenovci",
            "full_name": "Općina Drenovci",
            "city_type": 2,
            "county": 16
        }
    },
    {
        "model": "events.city",
        "pk": 395,
        "fields": {
            "name": "Gradište",
            "full_name": "Općina Gradište",
            "city_type": 2,
            "county": 16
        }
    },
    {
        "model": "events.city",
        "pk": 396,
        "fields": {
            "name": "Gunja",
            "full_name": "Općina Gunja",
            "city_type": 2,
            "county": 16
        }
    },
    {
        "model": "events.city",
        "pk": 397,
        "fields": {
            "name": "Ivankovo",
            "full_name": "Općina Ivankovo",
            "city_type": 2,
            "county": 16
        }
    },
    {
        "model": "events.city",
        "pk": 398,
        "fields": {
            "name": "Jarmina",
            "full_name": "Općina Jarmina",
            "city_type": 2,
            "county": 16
        }
    },
    {
        "model": "events.city",
        "pk": 399,
        "fields": {
            "name": "Lovas",
            "full_name": "Općina Lovas",
            "city_type": 2,
            "county": 16
        }
    },
    {
        "model": "events.city",
        "pk": 400,
        "fields": {
            "name": "Markušica",
            "full_name": "Općina Markušica",
            "city_type": 2,
            "county": 16
        }
    },
    {
        "model": "events.city",
        "pk": 401,
        "fields": {
            "name": "Negoslavci",
            "full_name": "Općina Negoslavci",
            "city_type": 2,
            "county": 16
        }
    },
    {
        "model": "events.city",
        "pk": 402,
        "fields": {
            "name": "Nijemci",
            "full_name": "Općina Nijemci",
            "city_type": 2,
            "county": 16
        }
    },
    {
        "model": "events.city",
        "pk": 403,
        "fields": {
            "name": "Nuštar",
            "full_name": "Općina Nuštar",
            "city_type": 2,
            "county": 16
        }
    },
    {
        "model": "events.city",
        "pk": 404,
        "fields": {
            "name": "Privlaka",
            "full_name": "Općina Privlaka",
            "city_type": 2,
            "county": 16
        }
    },
    {
        "model": "events.city",
        "pk": 405,
        "fields": {
            "name": "Stari Jankovci",
            "full_name": "Općina Stari Jankovci",
            "city_type": 2,
            "county": 16
        }
    },
    {
        "model": "events.city",
        "pk": 406,
        "fields": {
            "name": "Stari Mikanovci",
            "full_name": "Općina Stari Mikanovci",
            "city_type": 2,
            "county": 16
        }
    },
    {
        "model": "events.city",
        "pk": 407,
        "fields": {
            "name": "Štitar",
            "full_name": "Općina Štitar",
            "city_type": 2,
            "county": 16
        }
    },
    {
        "model": "events.city",
        "pk": 408,
        "fields": {
            "name": "Tompojevci",
            "full_name": "Općina Tompojevci",
            "city_type": 2,
            "county": 16
        }
    },
    {
        "model": "events.city",
        "pk": 409,
        "fields": {
            "name": "Tordinci",
            "full_name": "Općina Tordinci",
            "city_type": 2,
            "county": 16
        }
    },
    {
        "model": "events.city",
        "pk": 410,
        "fields": {
            "name": "Tovarnik",
            "full_name": "Općina Tovarnik",
            "city_type": 2,
            "county": 16
        }
    },
    {
        "model": "events.city",
        "pk": 411,
        "fields": {
            "name": "Trpinja",
            "full_name": "Općina Trpinja",
            "city_type": 2,
            "county": 16
        }
    },
    {
        "model": "events.city",
        "pk": 412,
        "fields": {
            "name": "Vođinci",
            "full_name": "Općina Vođinci",
            "city_type": 2,
            "county": 16
        }
    },
    {
        "model": "events.city",
        "pk": 413,
        "fields": {
            "name": "Vrbanja",
            "full_name": "Općina Vrbanja",
            "city_type": 2,
            "county": 16
        }
    },
    {
        "model": "events.city",
        "pk": 414,
        "fields": {
            "name": "Hvar",
            "full_name": "Grad Hvar",
            "city_type": 1,
            "county": 17
        }
    },
    {
        "model": "events.city",
        "pk": 415,
        "fields": {
            "name": "Imotski",
            "full_name": "Grad Imotski",
            "city_type": 1,
            "county": 17
        }
    },
    {
        "model": "events.city",
        "pk": 416,
        "fields": {
            "name": "Kaštela",
            "full_name": "Grad Kaštela",
            "city_type": 1,
            "county": 17
        }
    },
    {
        "model": "events.city",
        "pk": 417,
        "fields": {
            "name": "Komiža",
            "full_name": "Grad Komiža",
            "city_type": 1,
            "county": 17
        }
    },
    {
        "model": "events.city",
        "pk": 418,
        "fields": {
            "name": "Makarska",
            "full_name": "Grad Makarska",
            "city_type": 1,
            "county": 17
        }
    },
    {
        "model": "events.city",
        "pk": 419,
        "fields": {
            "name": "Omiš",
            "full_name": "Grad Omiš",
            "city_type": 1,
            "county": 17
        }
    },
    {
        "model": "events.city",
        "pk": 420,
        "fields": {
            "name": "Sinj",
            "full_name": "Grad Sinj",
            "city_type": 1,
            "county": 17
        }
    },
    {
        "model": "events.city",
        "pk": 421,
        "fields": {
            "name": "Solin",
            "full_name": "Grad Solin",
            "city_type": 1,
            "county": 17
        }
    },
    {
        "model": "events.city",
        "pk": 422,
        "fields": {
            "name": "Split",
            "full_name": "Grad Split",
            "city_type": 1,
            "county": 17
        }
    },
    {
        "model": "events.city",
        "pk": 423,
        "fields": {
            "name": "Stari Grad",
            "full_name": "Grad Stari Grad",
            "city_type": 1,
            "county": 17
        }
    },
    {
        "model": "events.city",
        "pk": 424,
        "fields": {
            "name": "Supetar",
            "full_name": "Grad Supetar",
            "city_type": 1,
            "county": 17
        }
    },
    {
        "model": "events.city",
        "pk": 425,
        "fields": {
            "name": "Trilj",
            "full_name": "Grad Trilj",
            "city_type": 1,
            "county": 17
        }
    },
    {
        "model": "events.city",
        "pk": 426,
        "fields": {
            "name": "Trogir",
            "full_name": "Grad Trogir",
            "city_type": 1,
            "county": 17
        }
    },
    {
        "model": "events.city",
        "pk": 427,
        "fields": {
            "name": "Vis",
            "full_name": "Grad Vis",
            "city_type": 1,
            "county": 17
        }
    },
    {
        "model": "events.city",
        "pk": 428,
        "fields": {
            "name": "Vrgorac",
            "full_name": "Grad Vrgorac",
            "city_type": 1,
            "county": 17
        }
    },
    {
        "model": "events.city",
        "pk": 429,
        "fields": {
            "name": "Vrlika",
            "full_name": "Grad Vrlika",
            "city_type": 1,
            "county": 17
        }
    },
    {
        "model": "events.city",
        "pk": 430,
        "fields": {
            "name": "Baška Voda",
            "full_name": "Općina Baška Voda",
            "city_type": 2,
            "county": 17
        }
    },
    {
        "model": "events.city",
        "pk": 431,
        "fields": {
            "name": "Bol",
            "full_name": "Općina Bol",
            "city_type": 2,
            "county": 17
        }
    },
    {
        "model": "events.city",
        "pk": 432,
        "fields": {
            "name": "Brela",
            "full_name": "Općina Brela",
            "city_type": 2,
            "county": 17
        }
    },
    {
        "model": "events.city",
        "pk": 433,
        "fields": {
            "name": "Cista Provo",
            "full_name": "Općina Cista Provo",
            "city_type": 2,
            "county": 17
        }
    },
    {
        "model": "events.city",
        "pk": 434,
        "fields": {
            "name": "Dicmo - (sjedište Kraj)",
            "full_name": "Općina Dicmo - (sjedište Kraj)",
            "city_type": 2,
            "county": 17
        }
    },
    {
        "model": "events.city",
        "pk": 435,
        "fields": {
            "name": "Dugi Rat",
            "full_name": "Općina Dugi Rat",
            "city_type": 2,
            "county": 17
        }
    },
    {
        "model": "events.city",
        "pk": 436,
        "fields": {
            "name": "Dugopolje",
            "full_name": "Općina Dugopolje",
            "city_type": 2,
            "county": 17
        }
    },
    {
        "model": "events.city",
        "pk": 437,
        "fields": {
            "name": "Gradac",
            "full_name": "Općina Gradac",
            "city_type": 2,
            "county": 17
        }
    },
    {
        "model": "events.city",
        "pk": 438,
        "fields": {
            "name": "Hrvace",
            "full_name": "Općina Hrvace",
            "city_type": 2,
            "county": 17
        }
    },
    {
        "model": "events.city",
        "pk": 439,
        "fields": {
            "name": "Jelsa",
            "full_name": "Općina Jelsa",
            "city_type": 2,
            "county": 17
        }
    },
    {
        "model": "events.city",
        "pk": 440,
        "fields": {
            "name": "Klis",
            "full_name": "Općina Klis",
            "city_type": 2,
            "county": 17
        }
    },
    {
        "model": "events.city",
        "pk": 441,
        "fields": {
            "name": "Lećevica",
            "full_name": "Općina Lećevica",
            "city_type": 2,
            "county": 17
        }
    },
    {
        "model": "events.city",
        "pk": 442,
        "fields": {
            "name": "Lokvičići",
            "full_name": "Općina Lokvičići",
            "city_type": 2,
            "county": 17
        }
    },
    {
        "model": "events.city",
        "pk": 443,
        "fields": {
            "name": "Lovreć",
            "full_name": "Općina Lovreć",
            "city_type": 2,
            "county": 17
        }
    },
    {
        "model": "events.city",
        "pk": 444,
        "fields": {
            "name": "Marina",
            "full_name": "Općina Marina",
            "city_type": 2,
            "county": 17
        }
    },
    {
        "model": "events.city",
        "pk": 445,
        "fields": {
            "name": "Milna",
            "full_name": "Općina Milna",
            "city_type": 2,
            "county": 17
        }
    },
    {
        "model": "events.city",
        "pk": 446,
        "fields": {
            "name": "Muć",
            "full_name": "Općina Muć",
            "city_type": 2,
            "county": 17
        }
    },
    {
        "model": "events.city",
        "pk": 447,
        "fields": {
            "name": "Nerežišća",
            "full_name": "Općina Nerežišća",
            "city_type": 2,
            "county": 17
        }
    },
    {
        "model": "events.city",
        "pk": 448,
        "fields": {
            "name": "Okrug - (sjedište Okrug Gornji)",
            "full_name": "Općina Okrug - (sjedište Okrug Gornji)",
            "city_type": 2,
            "county": 17
        }
    },
    {
        "model": "events.city",
        "pk": 449,
        "fields": {
            "name": "Otok",
            "full_name": "Općina Otok",
            "city_type": 2,
            "county": 17
        }
    },
    {
        "model": "events.city",
        "pk": 450,
        "fields": {
            "name": "Podbablje - (sjedište Drum)",
            "full_name": "Općina Podbablje - (sjedište Drum)",
            "city_type": 2,
            "county": 17
        }
    },
    {
        "model": "events.city",
        "pk": 451,
        "fields": {
            "name": "Podgora",
            "full_name": "Općina Podgora",
            "city_type": 2,
            "county": 17
        }
    },
    {
        "model": "events.city",
        "pk": 452,
        "fields": {
            "name": "Podstrana",
            "full_name": "Općina Podstrana",
            "city_type": 2,
            "county": 17
        }
    },
    {
        "model": "events.city",
        "pk": 453,
        "fields": {
            "name": "Postira",
            "full_name": "Općina Postira",
            "city_type": 2,
            "county": 17
        }
    },
    {
        "model": "events.city",
        "pk": 454,
        "fields": {
            "name": "Prgomet",
            "full_name": "Općina Prgomet",
            "city_type": 2,
            "county": 17
        }
    },
    {
        "model": "events.city",
        "pk": 455,
        "fields": {
            "name": "Primorski Dolac",
            "full_name": "Općina Primorski Dolac",
            "city_type": 2,
            "county": 17
        }
    },
    {
        "model": "events.city",
        "pk": 456,
        "fields": {
            "name": "Proložac",
            "full_name": "Općina Proložac",
            "city_type": 2,
            "county": 17
        }
    },
    {
        "model": "events.city",
        "pk": 457,
        "fields": {
            "name": "Pučišća",
            "full_name": "Općina Pučišća",
            "city_type": 2,
            "county": 17
        }
    },
    {
        "model": "events.city",
        "pk": 458,
        "fields": {
            "name": "Runovići",
            "full_name": "Općina Runovići",
            "city_type": 2,
            "county": 17
        }
    },
    {
        "model": "events.city",
        "pk": 459,
        "fields": {
            "name": "Seget - (sjedište Seget Donji)",
            "full_name": "Općina Seget - (sjedište Seget Donji)",
            "city_type": 2,
            "county": 17
        }
    },
    {
        "model": "events.city",
        "pk": 460,
        "fields": {
            "name": "Selca",
            "full_name": "Općina Selca",
            "city_type": 2,
            "county": 17
        }
    },
    {
        "model": "events.city",
        "pk": 461,
        "fields": {
            "name": "Sućuraj",
            "full_name": "Općina Sućuraj",
            "city_type": 2,
            "county": 17
        }
    },
    {
        "model": "events.city",
        "pk": 462,
        "fields": {
            "name": "Sutivan",
            "full_name": "Općina Sutivan",
            "city_type": 2,
            "county": 17
        }
    },
    {
        "model": "events.city",
        "pk": 463,
        "fields": {
            "name": "Šestanovac",
            "full_name": "Općina Šestanovac",
            "city_type": 2,
            "county": 17
        }
    },
    {
        "model": "events.city",
        "pk": 464,
        "fields": {
            "name": "Šolta - (sjedište Grohote)",
            "full_name": "Općina Šolta - (sjedište Grohote)",
            "city_type": 2,
            "county": 17
        }
    },
    {
        "model": "events.city",
        "pk": 465,
        "fields": {
            "name": "Tučepi",
            "full_name": "Općina Tučepi",
            "city_type": 2,
            "county": 17
        }
    },
    {
        "model": "events.city",
        "pk": 466,
        "fields": {
            "name": "Zadvarje",
            "full_name": "Općina Zadvarje",
            "city_type": 2,
            "county": 17
        }
    },
    {
        "model": "events.city",
        "pk": 467,
        "fields": {
            "name": "Zagvozd",
            "full_name": "Općina Zagvozd",
            "city_type": 2,
            "county": 17
        }
    },
    {
        "model": "events.city",
        "pk": 468,
        "fields": {
            "name": "Zmijavci",
            "full_name": "Općina Zmijavci",
            "city_type": 2,
            "county": 17
        }
    },
    {
        "model": "events.city",
        "pk": 469,
        "fields": {
            "name": "Buje",
            "full_name": "Grad Buje",
            "city_type": 1,
            "county": 18
        }
    },
    {
        "model": "events.city",
        "pk": 470,
        "fields": {
            "name": "Buzet",
            "full_name": "Grad Buzet",
            "city_type": 1,
            "county": 18
        }
    },
    {
        "model": "events.city",
        "pk": 471,
        "fields": {
            "name": "Labin",
            "full_name": "Grad Labin",
            "city_type": 1,
            "county": 18
        }
    },
    {
        "model": "events.city",
        "pk": 472,
        "fields": {
            "name": "Novigrad",
            "full_name": "Grad Novigrad",
            "city_type": 1,
            "county": 18
        }
    },
    {
        "model": "events.city",
        "pk": 473,
        "fields": {
            "name": "Pazin",
            "full_name": "Grad Pazin",
            "city_type": 1,
            "county": 18
        }
    },
    {
        "model": "events.city",
        "pk": 474,
        "fields": {
            "name": "Poreč",
            "full_name": "Grad Poreč",
            "city_type": 1,
            "county": 18
        }
    },
    {
        "model": "events.city",
        "pk": 475,
        "fields": {
            "name": "Pula",
            "full_name": "Grad Pula",
            "city_type": 1,
            "county": 18
        }
    },
    {
        "model": "events.city",
        "pk": 476,
        "fields": {
            "name": "Rovinj",
            "full_name": "Grad Rovinj",
            "city_type": 1,
            "county": 18
        }
    },
    {
        "model": "events.city",
        "pk": 477,
        "fields": {
            "name": "Umag",
            "full_name": "Grad Umag",
            "city_type": 1,
            "county": 18
        }
    },
    {
        "model": "events.city",
        "pk": 478,
        "fields": {
            "name": "Vodnjan",
            "full_name": "Grad Vodnjan",
            "city_type": 1,
            "county": 18
        }
    },
    {
        "model": "events.city",
        "pk": 479,
        "fields": {
            "name": "Bale",
            "full_name": "Općina Bale",
            "city_type": 2,
            "county": 18
        }
    },
    {
        "model": "events.city",
        "pk": 480,
        "fields": {
            "name": "Barban",
            "full_name": "Općina Barban",
            "city_type": 2,
            "county": 18
        }
    },
    {
        "model": "events.city",
        "pk": 481,
        "fields": {
            "name": "Brtonigla",
            "full_name": "Općina Brtonigla",
            "city_type": 2,
            "county": 18
        }
    },
    {
        "model": "events.city",
        "pk": 482,
        "fields": {
            "name": "Cerovlje",
            "full_name": "Općina Cerovlje",
            "city_type": 2,
            "county": 18
        }
    },
    {
        "model": "events.city",
        "pk": 483,
        "fields": {
            "name": "Fažana",
            "full_name": "Općina Fažana",
            "city_type": 2,
            "county": 18
        }
    },
    {
        "model": "events.city",
        "pk": 484,
        "fields": {
            "name": "Funtana",
            "full_name": "Općina Funtana",
            "city_type": 2,
            "county": 18
        }
    },
    {
        "model": "events.city",
        "pk": 485,
        "fields": {
            "name": "Gračišće",
            "full_name": "Općina Gračišće",
            "city_type": 2,
            "county": 18
        }
    },
    {
        "model": "events.city",
        "pk": 486,
        "fields": {
            "name": "Grožnjan",
            "full_name": "Općina Grožnjan",
            "city_type": 2,
            "county": 18
        }
    },
    {
        "model": "events.city",
        "pk": 487,
        "fields": {
            "name": "Kanfanar",
            "full_name": "Općina Kanfanar",
            "city_type": 2,
            "county": 18
        }
    },
    {
        "model": "events.city",
        "pk": 488,
        "fields": {
            "name": "Karojba",
            "full_name": "Općina Karojba",
            "city_type": 2,
            "county": 18
        }
    },
    {
        "model": "events.city",
        "pk": 489,
        "fields": {
            "name": "Kaštelir-Labinci",
            "full_name": "Općina Kaštelir-Labinci",
            "city_type": 2,
            "county": 18
        }
    },
    {
        "model": "events.city",
        "pk": 490,
        "fields": {
            "name": "Kršan",
            "full_name": "Općina Kršan",
            "city_type": 2,
            "county": 18
        }
    },
    {
        "model": "events.city",
        "pk": 491,
        "fields": {
            "name": "Lanišće",
            "full_name": "Općina Lanišće",
            "city_type": 2,
            "county": 18
        }
    },
    {
        "model": "events.city",
        "pk": 492,
        "fields": {
            "name": "Ližnjan",
            "full_name": "Općina Ližnjan",
            "city_type": 2,
            "county": 18
        }
    },
    {
        "model": "events.city",
        "pk": 493,
        "fields": {
            "name": "Lupoglav",
            "full_name": "Općina Lupoglav",
            "city_type": 2,
            "county": 18
        }
    },
    {
        "model": "events.city",
        "pk": 494,
        "fields": {
            "name": "Marčana",
            "full_name": "Općina Marčana",
            "city_type": 2,
            "county": 18
        }
    },
    {
        "model": "events.city",
        "pk": 495,
        "fields": {
            "name": "Medulin",
            "full_name": "Općina Medulin",
            "city_type": 2,
            "county": 18
        }
    },
    {
        "model": "events.city",
        "pk": 496,
        "fields": {
            "name": "Motovun",
            "full_name": "Općina Motovun",
            "city_type": 2,
            "county": 18
        }
    },
    {
        "model": "events.city",
        "pk": 497,
        "fields": {
            "name": "Oprtalj",
            "full_name": "Općina Oprtalj",
            "city_type": 2,
            "county": 18
        }
    },
    {
        "model": "events.city",
        "pk": 498,
        "fields": {
            "name": "Pićan",
            "full_name": "Općina Pićan",
            "city_type": 2,
            "county": 18
        }
    },
    {
        "model": "events.city",
        "pk": 499,
        "fields": {
            "name": "Raša",
            "full_name": "Općina Raša",
            "city_type": 2,
            "county": 18
        }
    },
    {
        "model": "events.city",
        "pk": 500,
        "fields": {
            "name": "Sveta Nedelja",
            "full_name": "Općina Sveta Nedelja",
            "city_type": 2,
            "county": 18
        }
    },
    {
        "model": "events.city",
        "pk": 501,
        "fields": {
            "name": "Sveti Lovreč",
            "full_name": "Općina Sveti Lovreč",
            "city_type": 2,
            "county": 18
        }
    },
    {
        "model": "events.city",
        "pk": 502,
        "fields": {
            "name": "Sveti Petar u Šumi",
            "full_name": "Općina Sveti Petar u Šumi",
            "city_type": 2,
            "county": 18
        }
    },
    {
        "model": "events.city",
        "pk": 503,
        "fields": {
            "name": "Svetvinčenat",
            "full_name": "Općina Svetvinčenat",
            "city_type": 2,
            "county": 18
        }
    },
    {
        "model": "events.city",
        "pk": 504,
        "fields": {
            "name": "Tar-Vabriga",
            "full_name": "Općina Tar-Vabriga",
            "city_type": 2,
            "county": 18
        }
    },
    {
        "model": "events.city",
        "pk": 505,
        "fields": {
            "name": "Tinjan",
            "full_name": "Općina Tinjan",
            "city_type": 2,
            "county": 18
        }
    },
    {
        "model": "events.city",
        "pk": 506,
        "fields": {
            "name": "Višnjan",
            "full_name": "Općina Višnjan",
            "city_type": 2,
            "county": 18
        }
    },
    {
        "model": "events.city",
        "pk": 507,
        "fields": {
            "name": "Vižinada",
            "full_name": "Općina Vižinada",
            "city_type": 2,
            "county": 18
        }
    },
    {
        "model": "events.city",
        "pk": 508,
        "fields": {
            "name": "Vrsar",
            "full_name": "Općina Vrsar",
            "city_type": 2,
            "county": 18
        }
    },
    {
        "model": "events.city",
        "pk": 509,
        "fields": {
            "name": "Žminj",
            "full_name": "Općina Žminj",
            "city_type": 2,
            "county": 18
        }
    },
    {
        "model": "events.city",
        "pk": 510,
        "fields": {
            "name": "Dubrovnik",
            "full_name": "Grad Dubrovnik",
            "city_type": 1,
            "county": 19
        }
    },
    {
        "model": "events.city",
        "pk": 511,
        "fields": {
            "name": "Korčula",
            "full_name": "Grad Korčula",
            "city_type": 1,
            "county": 19
        }
    },
    {
        "model": "events.city",
        "pk": 512,
        "fields": {
            "name": "Metković",
            "full_name": "Grad Metković",
            "city_type": 1,
            "county": 19
        }
    },
    {
        "model": "events.city",
        "pk": 513,
        "fields": {
            "name": "Opuzen",
            "full_name": "Grad Opuzen",
            "city_type": 1,
            "county": 19
        }
    },
    {
        "model": "events.city",
        "pk": 514,
        "fields": {
            "name": "Ploče",
            "full_name": "Grad Ploče",
            "city_type": 1,
            "county": 19
        }
    },
    {
        "model": "events.city",
        "pk": 515,
        "fields": {
            "name": "Blato",
            "full_name": "Općina Blato",
            "city_type": 2,
            "county": 19
        }
    },
    {
        "model": "events.city",
        "pk": 516,
        "fields": {
            "name": "Dubrovačko primorje - (sjedište Slano)",
            "full_name": "Općina Dubrovačko primorje - (sjedište Slano)",
            "city_type": 2,
            "county": 19
        }
    },
    {
        "model": "events.city",
        "pk": 517,
        "fields": {
            "name": "Janjina",
            "full_name": "Općina Janjina",
            "city_type": 2,
            "county": 19
        }
    },
    {
        "model": "events.city",
        "pk": 518,
        "fields": {
            "name": "Konavle - (sjedište Cavtat)",
            "full_name": "Općina Konavle - (sjedište Cavtat)",
            "city_type": 2,
            "county": 19
        }
    },
    {
        "model": "events.city",
        "pk": 519,
        "fields": {
            "name": "Kula Norinska",
            "full_name": "Općina Kula Norinska",
            "city_type": 2,
            "county": 19
        }
    },
    {
        "model": "events.city",
        "pk": 520,
        "fields": {
            "name": "Lastovo",
            "full_name": "Općina Lastovo",
            "city_type": 2,
            "county": 19
        }
    },
    {
        "model": "events.city",
        "pk": 521,
        "fields": {
            "name": "Lumbarda",
            "full_name": "Općina Lumbarda",
            "city_type": 2,
            "county": 19
        }
    },
    {
        "model": "events.city",
        "pk": 522,
        "fields": {
            "name": "Mljet - (sjedište Babino Polje)",
            "full_name": "Općina Mljet - (sjedište Babino Polje)",
            "city_type": 2,
            "county": 19
        }
    },
    {
        "model": "events.city",
        "pk": 523,
        "fields": {
            "name": "Orebić",
            "full_name": "Općina Orebić",
            "city_type": 2,
            "county": 19
        }
    },
    {
        "model": "events.city",
        "pk": 524,
        "fields": {
            "name": "Pojezerje - (sjedište Otrić-Seoci)",
            "full_name": "Općina Pojezerje - (sjedište Otrić-Seoci)",
            "city_type": 2,
            "county": 19
        }
    },
    {
        "model": "events.city",
        "pk": 525,
        "fields": {
            "name": "Slivno - (sjedište Vlaka)",
            "full_name": "Općina Slivno - (sjedište Vlaka)",
            "city_type": 2,
            "county": 19
        }
    },
    {
        "model": "events.city",
        "pk": 526,
        "fields": {
            "name": "Smokvica",
            "full_name": "Općina Smokvica",
            "city_type": 2,
            "county": 19
        }
    },
    {
        "model": "events.city",
        "pk": 527,
        "fields": {
            "name": "Ston",
            "full_name": "Općina Ston",
            "city_type": 2,
            "county": 19
        }
    },
    {
        "model": "events.city",
        "pk": 528,
        "fields": {
            "name": "Trpanj",
            "full_name": "Općina Trpanj",
            "city_type": 2,
            "county": 19
        }
    },
    {
        "model": "events.city",
        "pk": 529,
        "fields": {
            "name": "Vela Luka",
            "full_name": "Općina Vela Luka",
            "city_type": 2,
            "county": 19
        }
    },
    {
        "model": "events.city",
        "pk": 530,
        "fields": {
            "name": "Zažablje - (sjedište Mlinište)",
            "full_name": "Općina Zažablje - (sjedište Mlinište)",
            "city_type": 2,
            "county": 19
        }
    },
    {
        "model": "events.city",
        "pk": 531,
        "fields": {
            "name": "Župa dubrovačka - (sjedište Srebreno)",
            "full_name": "Općina Župa dubrovačka - (sjedište Srebreno)",
            "city_type": 2,
            "county": 19
        }
    },
    {
        "model": "events.city",
        "pk": 532,
        "fields": {
            "name": "Čakovec",
            "full_name": "Grad Čakovec",
            "city_type": 1,
            "county": 20
        }
    },
    {
        "model": "events.city",
        "pk": 533,
        "fields": {
            "name": "Mursko Središće",
            "full_name": "Grad Mursko Središće",
            "city_type": 1,
            "county": 20
        }
    },
    {
        "model": "events.city",
        "pk": 534,
        "fields": {
            "name": "Prelog",
            "full_name": "Grad Prelog",
            "city_type": 1,
            "county": 20
        }
    },
    {
        "model": "events.city",
        "pk": 535,
        "fields": {
            "name": "Belica",
            "full_name": "Općina Belica",
            "city_type": 2,
            "county": 20
        }
    },
    {
        "model": "events.city",
        "pk": 536,
        "fields": {
            "name": "Dekanovec",
            "full_name": "Općina Dekanovec",
            "city_type": 2,
            "county": 20
        }
    },
    {
        "model": "events.city",
        "pk": 537,
        "fields": {
            "name": "Domašinec",
            "full_name": "Općina Domašinec",
            "city_type": 2,
            "county": 20
        }
    },
    {
        "model": "events.city",
        "pk": 538,
        "fields": {
            "name": "Donja Dubrava",
            "full_name": "Općina Donja Dubrava",
            "city_type": 2,
            "county": 20
        }
    },
    {
        "model": "events.city",
        "pk": 539,
        "fields": {
            "name": "Donji Kraljevec",
            "full_name": "Općina Donji Kraljevec",
            "city_type": 2,
            "county": 20
        }
    },
    {
        "model": "events.city",
        "pk": 540,
        "fields": {
            "name": "Donji Vidovec",
            "full_name": "Općina Donji Vidovec",
            "city_type": 2,
            "county": 20
        }
    },
    {
        "model": "events.city",
        "pk": 541,
        "fields": {
            "name": "Goričan",
            "full_name": "Općina Goričan",
            "city_type": 2,
            "county": 20
        }
    },
    {
        "model": "events.city",
        "pk": 542,
        "fields": {
            "name": "Gornji Mihaljevec",
            "full_name": "Općina Gornji Mihaljevec",
            "city_type": 2,
            "county": 20
        }
    },
    {
        "model": "events.city",
        "pk": 543,
        "fields": {
            "name": "Kotoriba",
            "full_name": "Općina Kotoriba",
            "city_type": 2,
            "county": 20
        }
    },
    {
        "model": "events.city",
        "pk": 544,
        "fields": {
            "name": "Mala Subotica",
            "full_name": "Općina Mala Subotica",
            "city_type": 2,
            "county": 20
        }
    },
    {
        "model": "events.city",
        "pk": 545,
        "fields": {
            "name": "Nedelišće",
            "full_name": "Općina Nedelišće",
            "city_type": 2,
            "county": 20
        }
    },
    {
        "model": "events.city",
        "pk": 546,
        "fields": {
            "name": "Orehovica",
            "full_name": "Općina Orehovica",
            "city_type": 2,
            "county": 20
        }
    },
    {
        "model": "events.city",
        "pk": 547,
        "fields": {
            "name": "Podturen",
            "full_name": "Općina Podturen",
            "city_type": 2,
            "county": 20
        }
    },
    {
        "model": "events.city",
        "pk": 548,
        "fields": {
            "name": "Pribislavec",
            "full_name": "Općina Pribislavec",
            "city_type": 2,
            "county": 20
        }
    },
    {
        "model": "events.city",
        "pk": 549,
        "fields": {
            "name": "Selnica",
            "full_name": "Općina Selnica",
            "city_type": 2,
            "county": 20
        }
    },
    {
        "model": "events.city",
        "pk": 550,
        "fields": {
            "name": "Strahoninec",
            "full_name": "Općina Strahoninec",
            "city_type": 2,
            "county": 20
        }
    },
    {
        "model": "events.city",
        "pk": 551,
        "fields": {
            "name": "Sveta Marija",
            "full_name": "Općina Sveta Marija",
            "city_type": 2,
            "county": 20
        }
    },
    {
        "model": "events.city",
        "pk": 552,
        "fields": {
            "name": "Sveti Juraj na Bregu - (sjedište Lopatinec)",
            "full_name": "Općina Sveti Juraj na Bregu - (sjedište Lopatinec)",
            "city_type": 2,
            "county": 20
        }
    },
    {
        "model": "events.city",
        "pk": 553,
        "fields": {
            "name": "Sveti Martin na Muri",
            "full_name": "Općina Sveti Martin na Muri",
            "city_type": 2,
            "county": 20
        }
    },
    {
        "model": "events.city",
        "pk": 554,
        "fields": {
            "name": "Šenkovec",
            "full_name": "Općina Šenkovec",
            "city_type": 2,
            "county": 20
        }
    },
    {
        "model": "events.city",
        "pk": 555,
        "fields": {
            "name": "Štrigova",
            "full_name": "Općina Štrigova",
            "city_type": 2,
            "county": 20
        }
    },
    {
        "model": "events.city",
        "pk": 556,
        "fields": {
            "name": "Vratišinec",
            "full_name": "Općina Vratišinec",
            "city_type": 2,
            "county": 20
        }
    },
    {
        "model": "admin.logentry",
        "pk": 1,
        "fields": {
            "action_time": "2020-11-13T20:45:14.978Z",
            "user": [
                "admin"
            ],
            "content_type": [
                "auth",
                "user"
            ],
            "object_id": "1",
            "object_repr": "admin",
            "action_flag": 2,
            "change_message": "[{\"changed\": {\"fields\": [\"First name\"]}}]"
        }
    },
    {
        "model": "admin.logentry",
        "pk": 2,
        "fields": {
            "action_time": "2020-11-13T20:45:17.819Z",
            "user": [
                "admin"
            ],
            "content_type": [
                "accounts",
                "profile"
            ],
            "object_id": "1",
            "object_repr": "Administrator",
            "action_flag": 1,
            "change_message": "[{\"added\": {}}]"
        }
    },
    {
        "model": "admin.logentry",
        "pk": 3,
        "fields": {
            "action_time": "2020-11-14T20:21:54.074Z",
            "user": [
                "admin"
            ],
            "content_type": [
                "championships",
                "championship"
            ],
            "object_id": "1",
            "object_repr": "CDC (Prvenstvo Hrvatske)",
            "action_flag": 3,
            "change_message": ""
        }
    },
    {
        "model": "admin.logentry",
        "pk": 4,
        "fields": {
            "action_time": "2020-11-14T20:26:22.548Z",
            "user": [
                "admin"
            ],
            "content_type": [
                "championships",
                "organizer"
            ],
            "object_id": "1",
            "object_repr": "drift.hr",
            "action_flag": 1,
            "change_message": "[{\"added\": {}}]"
        }
    },
    {
        "model": "admin.logentry",
        "pk": 5,
        "fields": {
            "action_time": "2020-11-14T20:26:42.016Z",
            "user": [
                "admin"
            ],
            "content_type": [
                "championships",
                "championshiptype"
            ],
            "object_id": "1",
            "object_repr": "Prvenstvo Hrvatske",
            "action_flag": 1,
            "change_message": "[{\"added\": {}}]"
        }
    },
    {
        "model": "admin.logentry",
        "pk": 6,
        "fields": {
            "action_time": "2020-11-14T20:30:05.668Z",
            "user": [
                "admin"
            ],
            "content_type": [
                "championships",
                "championship"
            ],
            "object_id": "2",
            "object_repr": "Croatian Drift Challenge",
            "action_flag": 1,
            "change_message": "[{\"added\": {}}]"
        }
    },
    {
        "model": "admin.logentry",
        "pk": 7,
        "fields": {
            "action_time": "2020-11-15T10:17:14.721Z",
            "user": [
                "admin"
            ],
            "content_type": [
                "championships",
                "category"
            ],
            "object_id": "2",
            "object_repr": "Drift",
            "action_flag": 1,
            "change_message": "[{\"added\": {}}]"
        }
    },
    {
        "model": "admin.logentry",
        "pk": 8,
        "fields": {
            "action_time": "2020-11-15T10:19:12.387Z",
            "user": [
                "admin"
            ],
            "content_type": [
                "championships",
                "category"
            ],
            "object_id": "2",
            "object_repr": "Drift",
            "action_flag": 2,
            "change_message": "[]"
        }
    },
    {
        "model": "admin.logentry",
        "pk": 9,
        "fields": {
            "action_time": "2020-11-15T10:19:32.257Z",
            "user": [
                "admin"
            ],
            "content_type": [
                "championships",
                "category"
            ],
            "object_id": "3",
            "object_repr": "Brdo",
            "action_flag": 1,
            "change_message": "[{\"added\": {}}]"
        }
    },
    {
        "model": "admin.logentry",
        "pk": 10,
        "fields": {
            "action_time": "2020-11-15T10:23:23.639Z",
            "user": [
                "admin"
            ],
            "content_type": [
                "championships",
                "subcategory"
            ],
            "object_id": "1",
            "object_repr": "Kategorija I",
            "action_flag": 1,
            "change_message": "[{\"added\": {}}]"
        }
    },
    {
        "model": "admin.logentry",
        "pk": 11,
        "fields": {
            "action_time": "2020-11-15T10:23:35.964Z",
            "user": [
                "admin"
            ],
            "content_type": [
                "championships",
                "subcategory"
            ],
            "object_id": "2",
            "object_repr": "Kategorija II",
            "action_flag": 1,
            "change_message": "[{\"added\": {}}]"
        }
    },
    {
        "model": "admin.logentry",
        "pk": 12,
        "fields": {
            "action_time": "2020-11-15T10:23:48.914Z",
            "user": [
                "admin"
            ],
            "content_type": [
                "championships",
                "subcategory"
            ],
            "object_id": "3",
            "object_repr": "Klasa 1 - N/1400",
            "action_flag": 1,
            "change_message": "[{\"added\": {}}]"
        }
    },
    {
        "model": "admin.logentry",
        "pk": 13,
        "fields": {
            "action_time": "2020-11-15T10:24:07.852Z",
            "user": [
                "admin"
            ],
            "content_type": [
                "championships",
                "subcategory"
            ],
            "object_id": "4",
            "object_repr": "Klasa 2 - N/1600",
            "action_flag": 1,
            "change_message": "[{\"added\": {}}]"
        }
    },
    {
        "model": "admin.logentry",
        "pk": 14,
        "fields": {
            "action_time": "2020-11-15T10:24:23.465Z",
            "user": [
                "admin"
            ],
            "content_type": [
                "championships",
                "subcategory"
            ],
            "object_id": "5",
            "object_repr": "Klasa 3 - N/2000",
            "action_flag": 1,
            "change_message": "[{\"added\": {}}]"
        }
    },
    {
        "model": "admin.logentry",
        "pk": 15,
        "fields": {
            "action_time": "2020-11-15T10:24:38.526Z",
            "user": [
                "admin"
            ],
            "content_type": [
                "championships",
                "subcategory"
            ],
            "object_id": "6",
            "object_repr": "Klasa 4 - N/2000+",
            "action_flag": 1,
            "change_message": "[{\"added\": {}}]"
        }
    },
    {
        "model": "admin.logentry",
        "pk": 16,
        "fields": {
            "action_time": "2020-11-15T10:24:46.195Z",
            "user": [
                "admin"
            ],
            "content_type": [
                "championships",
                "subcategory"
            ],
            "object_id": "7",
            "object_repr": "Klasa 6 - A/1400",
            "action_flag": 1,
            "change_message": "[{\"added\": {}}]"
        }
    },
    {
        "model": "admin.logentry",
        "pk": 17,
        "fields": {
            "action_time": "2020-11-15T10:24:55.426Z",
            "user": [
                "admin"
            ],
            "content_type": [
                "championships",
                "subcategory"
            ],
            "object_id": "8",
            "object_repr": "Klasa 7 - A/1600",
            "action_flag": 1,
            "change_message": "[{\"added\": {}}]"
        }
    },
    {
        "model": "admin.logentry",
        "pk": 18,
        "fields": {
            "action_time": "2020-11-15T10:25:06.933Z",
            "user": [
                "admin"
            ],
            "content_type": [
                "championships",
                "subcategory"
            ],
            "object_id": "9",
            "object_repr": "Klasa 8 - A/2000",
            "action_flag": 1,
            "change_message": "[{\"added\": {}}]"
        }
    },
    {
        "model": "admin.logentry",
        "pk": 19,
        "fields": {
            "action_time": "2020-11-15T10:25:18.352Z",
            "user": [
                "admin"
            ],
            "content_type": [
                "championships",
                "subcategory"
            ],
            "object_id": "10",
            "object_repr": "Klasa 11- E1/1400 moto",
            "action_flag": 1,
            "change_message": "[{\"added\": {}}]"
        }
    },
    {
        "model": "admin.logentry",
        "pk": 20,
        "fields": {
            "action_time": "2020-11-15T10:25:31.224Z",
            "user": [
                "admin"
            ],
            "content_type": [
                "championships",
                "subcategory"
            ],
            "object_id": "11",
            "object_repr": "Klasa 14  - E1/1400",
            "action_flag": 1,
            "change_message": "[{\"added\": {}}]"
        }
    },
    {
        "model": "admin.logentry",
        "pk": 21,
        "fields": {
            "action_time": "2020-11-15T10:25:44.471Z",
            "user": [
                "admin"
            ],
            "content_type": [
                "championships",
                "subcategory"
            ],
            "object_id": "12",
            "object_repr": "Klasa 15 - E1/1600",
            "action_flag": 1,
            "change_message": "[{\"added\": {}}]"
        }
    },
    {
        "model": "admin.logentry",
        "pk": 22,
        "fields": {
            "action_time": "2020-11-15T10:25:52.616Z",
            "user": [
                "admin"
            ],
            "content_type": [
                "championships",
                "subcategory"
            ],
            "object_id": "13",
            "object_repr": "Klasa 16 - E1/2000",
            "action_flag": 1,
            "change_message": "[{\"added\": {}}]"
        }
    },
    {
        "model": "admin.logentry",
        "pk": 23,
        "fields": {
            "action_time": "2020-11-15T10:26:00.639Z",
            "user": [
                "admin"
            ],
            "content_type": [
                "championships",
                "subcategory"
            ],
            "object_id": "14",
            "object_repr": "Klasa 17 - E1/2500",
            "action_flag": 1,
            "change_message": "[{\"added\": {}}]"
        }
    },
    {
        "model": "admin.logentry",
        "pk": 24,
        "fields": {
            "action_time": "2020-11-15T10:26:09.155Z",
            "user": [
                "admin"
            ],
            "content_type": [
                "championships",
                "subcategory"
            ],
            "object_id": "15",
            "object_repr": "Klasa 19 - C,CN,C3,D,E/2000",
            "action_flag": 1,
            "change_message": "[{\"added\": {}}]"
        }
    },
    {
        "model": "admin.logentry",
        "pk": 25,
        "fields": {
            "action_time": "2020-11-15T10:26:24.545Z",
            "user": [
                "admin"
            ],
            "content_type": [
                "championships",
                "subcategory"
            ],
            "object_id": "16",
            "object_repr": "Klasa 20 - C,CN,C3,D,E/3000",
            "action_flag": 1,
            "change_message": "[{\"added\": {}}]"
        }
    },
    {
        "model": "admin.logentry",
        "pk": 26,
        "fields": {
            "action_time": "2020-11-15T10:26:36.304Z",
            "user": [
                "admin"
            ],
            "content_type": [
                "championships",
                "subcategory"
            ],
            "object_id": "17",
            "object_repr": "Klasa 23 - E1,GT,WRC/6500",
            "action_flag": 1,
            "change_message": "[{\"added\": {}}]"
        }
    },
    {
        "model": "admin.logentry",
        "pk": 27,
        "fields": {
            "action_time": "2020-11-15T10:28:57.163Z",
            "user": [
                "admin"
            ],
            "content_type": [
                "championships",
                "organizer"
            ],
            "object_id": "3",
            "object_repr": "HAKS",
            "action_flag": 1,
            "change_message": "[{\"added\": {}}]"
        }
    },
    {
        "model": "admin.logentry",
        "pk": 28,
        "fields": {
            "action_time": "2020-11-15T10:28:58.510Z",
            "user": [
                "admin"
            ],
            "content_type": [
                "championships",
                "championshiptype"
            ],
            "object_id": "3",
            "object_repr": "Formula Driver",
            "action_flag": 1,
            "change_message": "[{\"added\": {}}]"
        }
    },
    {
        "model": "admin.logentry",
        "pk": 29,
        "fields": {
            "action_time": "2020-11-15T10:29:24.646Z",
            "user": [
                "admin"
            ],
            "content_type": [
                "championships",
                "category"
            ],
            "object_id": "4",
            "object_repr": "Formula Driver",
            "action_flag": 1,
            "change_message": "[{\"added\": {}}]"
        }
    },
    {
        "model": "admin.logentry",
        "pk": 30,
        "fields": {
            "action_time": "2020-11-15T10:29:27.050Z",
            "user": [
                "admin"
            ],
            "content_type": [
                "championships",
                "subcategory"
            ],
            "object_id": "18",
            "object_repr": "Vozačice",
            "action_flag": 1,
            "change_message": "[{\"added\": {}}]"
        }
    },
    {
        "model": "admin.logentry",
        "pk": 31,
        "fields": {
            "action_time": "2020-11-15T10:29:33.190Z",
            "user": [
                "admin"
            ],
            "content_type": [
                "championships",
                "subcategory"
            ],
            "object_id": "19",
            "object_repr": "Juniori",
            "action_flag": 1,
            "change_message": "[{\"added\": {}}]"
        }
    },
    {
        "model": "admin.logentry",
        "pk": 32,
        "fields": {
            "action_time": "2020-11-15T10:29:39.825Z",
            "user": [
                "admin"
            ],
            "content_type": [
                "championships",
                "subcategory"
            ],
            "object_id": "20",
            "object_repr": "Klasa 1",
            "action_flag": 1,
            "change_message": "[{\"added\": {}}]"
        }
    },
    {
        "model": "admin.logentry",
        "pk": 33,
        "fields": {
            "action_time": "2020-11-15T10:29:46.994Z",
            "user": [
                "admin"
            ],
            "content_type": [
                "championships",
                "subcategory"
            ],
            "object_id": "21",
            "object_repr": "Klasa 2",
            "action_flag": 1,
            "change_message": "[{\"added\": {}}]"
        }
    },
    {
        "model": "admin.logentry",
        "pk": 34,
        "fields": {
            "action_time": "2020-11-15T10:29:53.598Z",
            "user": [
                "admin"
            ],
            "content_type": [
                "championships",
                "subcategory"
            ],
            "object_id": "22",
            "object_repr": "Klasa 3",
            "action_flag": 1,
            "change_message": "[{\"added\": {}}]"
        }
    },
    {
        "model": "admin.logentry",
        "pk": 35,
        "fields": {
            "action_time": "2020-11-15T10:30:00.772Z",
            "user": [
                "admin"
            ],
            "content_type": [
                "championships",
                "subcategory"
            ],
            "object_id": "23",
            "object_repr": "Klasa 4",
            "action_flag": 1,
            "change_message": "[{\"added\": {}}]"
        }
    },
    {
        "model": "admin.logentry",
        "pk": 36,
        "fields": {
            "action_time": "2020-11-15T10:30:07.344Z",
            "user": [
                "admin"
            ],
            "content_type": [
                "championships",
                "subcategory"
            ],
            "object_id": "24",
            "object_repr": "Klasa 5",
            "action_flag": 1,
            "change_message": "[{\"added\": {}}]"
        }
    },
    {
        "model": "admin.logentry",
        "pk": 37,
        "fields": {
            "action_time": "2020-11-15T10:30:16.327Z",
            "user": [
                "admin"
            ],
            "content_type": [
                "championships",
                "subcategory"
            ],
            "object_id": "25",
            "object_repr": "Klasa 6",
            "action_flag": 1,
            "change_message": "[{\"added\": {}}]"
        }
    },
    {
        "model": "admin.logentry",
        "pk": 38,
        "fields": {
            "action_time": "2020-11-15T10:30:24.434Z",
            "user": [
                "admin"
            ],
            "content_type": [
                "championships",
                "subcategory"
            ],
            "object_id": "26",
            "object_repr": "Klasa 7",
            "action_flag": 1,
            "change_message": "[{\"added\": {}}]"
        }
    },
    {
        "model": "admin.logentry",
        "pk": 39,
        "fields": {
            "action_time": "2020-11-15T10:31:36.383Z",
            "user": [
                "admin"
            ],
            "content_type": [
                "championships",
                "subcategory"
            ],
            "object_id": "27",
            "object_repr": "General",
            "action_flag": 1,
            "change_message": "[{\"added\": {}}]"
        }
    },
    {
        "model": "championships.championship",
        "pk": 2,
        "fields": {
            "name": "Croatian Drift Challenge",
            "club_count": null,
            "club_position": null,
            "description": "",
            "location": "Mičevec",
            "image": "champtionships/images/Cdc-2020-rd1-9manja.jpg",
            "start_date": "2020-09-06",
            "end_date": "2020-09-06",
            "city": 9,
            "organizer": 1,
            "gallery": null,
            "championship_type": 1
        }
    },
    {
        "model": "championships.championship",
        "pk": 3,
        "fields": {
            "name": "11. Nagrada grada Skradina",
            "club_count": 34,
            "club_position": 13,
            "description": null,
            "location": "Skradin",
            "image": "champtionships/images/11_skradin.jpeg",
            "start_date": "2017-05-13",
            "end_date": "2017-05-14",
            "city": 365,
            "organizer": 1,
            "gallery": null,
            "championship_type": 2
        }
    },
    {
        "model": "championships.championship",
        "pk": 6,
        "fields": {
            "name": "Formula Driver",
            "club_count": 34,
            "club_position": 13,
            "description": null,
            "location": "Pula",
            "image": "champtionships/images/formula-driver_lDjgAuO.png",
            "start_date": "2017-01-01",
            "end_date": "2017-12-31",
            "city": 475,
            "organizer": 4,
            "gallery": null,
            "championship_type": 3
        }
    },
    {
        "model": "championships.championship",
        "pk": 7,
        "fields": {
            "name": "Croatian Drift Challenge",
            "club_count": 30,
            "club_position": 8,
            "description": null,
            "location": "Mičevec",
            "image": "champtionships/images/Cdc_2018_rd3_Large.jpg",
            "start_date": "2018-05-13",
            "end_date": "2018-05-13",
            "city": 9,
            "organizer": 1,
            "gallery": null,
            "championship_type": 1
        }
    },
    {
        "model": "championships.championship",
        "pk": 8,
        "fields": {
            "name": "Formula Driver",
            "club_count": 30,
            "club_position": 8,
            "description": null,
            "location": "Pula",
            "image": "champtionships/images/formula-driver_lwVTSvO.png",
            "start_date": "2018-01-01",
            "end_date": "2018-12-31",
            "city": 475,
            "organizer": 4,
            "gallery": null,
            "championship_type": 3
        }
    },
    {
        "model": "championships.championship",
        "pk": 9,
        "fields": {
            "name": "Croatian Drift Challenge",
            "club_count": 34,
            "club_position": 7,
            "description": null,
            "location": "Mičevec",
            "image": "champtionships/images/Cdc_2017.jpg",
            "start_date": "2017-05-07",
            "end_date": "2017-05-07",
            "city": 9,
            "organizer": 1,
            "gallery": null,
            "championship_type": 1
        }
    },
    {
        "model": "championships.championship",
        "pk": 10,
        "fields": {
            "name": "12. Nagrada grada Skradina",
            "club_count": 22,
            "club_position": 7,
            "description": null,
            "location": "Skradin",
            "image": "champtionships/images/skradin2018.jpg",
            "start_date": "2018-05-18",
            "end_date": "2018-05-20",
            "city": 365,
            "organizer": 2,
            "gallery": null,
            "championship_type": 2
        }
    },
    {
        "model": "championships.championship",
        "pk": 11,
        "fields": {
            "name": "Auto i karting liga Zapad",
            "club_count": 32,
            "club_position": 9,
            "description": null,
            "location": "Pula",
            "image": "champtionships/images/HAKS_znak-tipogram-H_kolor_DP.png",
            "start_date": "2018-01-01",
            "end_date": "2018-12-31",
            "city": 475,
            "organizer": 3,
            "gallery": null,
            "championship_type": 3
        }
    },
    {
        "model": "championships.championship",
        "pk": 12,
        "fields": {
            "name": "Auto i karting savez Istre",
            "club_count": 7,
            "club_position": 5,
            "description": null,
            "location": "Pazin",
            "image": "champtionships/images/aksi.png",
            "start_date": "2018-01-01",
            "end_date": "2018-12-31",
            "city": 473,
            "organizer": 5,
            "gallery": null,
            "championship_type": 3
        }
    },
    {
        "model": "championships.championshiptype",
        "pk": 1,
        "fields": {
            "name": "Prvenstvo Hrvatske"
        }
    },
    {
        "model": "championships.championshiptype",
        "pk": 2,
        "fields": {
            "name": "Centralno Europska Zona"
        }
    },
    {
        "model": "championships.championshiptype",
        "pk": 3,
        "fields": {
            "name": "Formula Driver"
        }
    },
    {
        "model": "championships.category",
        "pk": 2,
        "fields": {
            "name": 3,
            "championship_type": 1
        }
    },
    {
        "model": "championships.category",
        "pk": 3,
        "fields": {
            "name": 1,
            "championship_type": 2
        }
    },
    {
        "model": "championships.category",
        "pk": 4,
        "fields": {
            "name": 2,
            "championship_type": 3
        }
    },
    {
        "model": "championships.subcategory",
        "pk": 1,
        "fields": {
            "name": "Kategorija I",
            "active": true,
            "category": 3
        }
    },
    {
        "model": "championships.subcategory",
        "pk": 2,
        "fields": {
            "name": "Kategorija II",
            "active": false,
            "category": 3
        }
    },
    {
        "model": "championships.subcategory",
        "pk": 3,
        "fields": {
            "name": "Klasa 1 - N/1400",
            "active": false,
            "category": 3
        }
    },
    {
        "model": "championships.subcategory",
        "pk": 4,
        "fields": {
            "name": "Klasa 2 - N/1600",
            "active": false,
            "category": 3
        }
    },
    {
        "model": "championships.subcategory",
        "pk": 5,
        "fields": {
            "name": "Klasa 3 - N/2000",
            "active": true,
            "category": 3
        }
    },
    {
        "model": "championships.subcategory",
        "pk": 6,
        "fields": {
            "name": "Klasa 4 - N/2000+",
            "active": false,
            "category": 3
        }
    },
    {
        "model": "championships.subcategory",
        "pk": 7,
        "fields": {
            "name": "Klasa 6 - A/1400",
            "active": false,
            "category": 3
        }
    },
    {
        "model": "championships.subcategory",
        "pk": 8,
        "fields": {
            "name": "Klasa 7 - A/1600",
            "active": false,
            "category": 3
        }
    },
    {
        "model": "championships.subcategory",
        "pk": 9,
        "fields": {
            "name": "Klasa 8 - A/2000",
            "active": false,
            "category": 3
        }
    },
    {
        "model": "championships.subcategory",
        "pk": 10,
        "fields": {
            "name": "Klasa 11- E1/1400 moto",
            "active": false,
            "category": 3
        }
    },
    {
        "model": "championships.subcategory",
        "pk": 11,
        "fields": {
            "name": "Klasa 14  - E1/1400",
            "active": false,
            "category": 3
        }
    },
    {
        "model": "championships.subcategory",
        "pk": 12,
        "fields": {
            "name": "Klasa 15 - E1/1600",
            "active": false,
            "category": 3
        }
    },
    {
        "model": "championships.subcategory",
        "pk": 13,
        "fields": {
            "name": "Klasa 16 - E1/2000",
            "active": false,
            "category": 3
        }
    },
    {
        "model": "championships.subcategory",
        "pk": 14,
        "fields": {
            "name": "Klasa 17 - E1/2500",
            "active": false,
            "category": 3
        }
    },
    {
        "model": "championships.subcategory",
        "pk": 15,
        "fields": {
            "name": "Klasa 19 - C,CN,C3,D,E/2000",
            "active": false,
            "category": 3
        }
    },
    {
        "model": "championships.subcategory",
        "pk": 16,
        "fields": {
            "name": "Klasa 20 - C,CN,C3,D,E/3000",
            "active": false,
            "category": 3
        }
    },
    {
        "model": "championships.subcategory",
        "pk": 17,
        "fields": {
            "name": "Klasa 23 - E1,GT,WRC/6500",
            "active": false,
            "category": 3
        }
    },
    {
        "model": "championships.subcategory",
        "pk": 18,
        "fields": {
            "name": "Vozačice",
            "active": true,
            "category": 4
        }
    },
    {
        "model": "championships.subcategory",
        "pk": 19,
        "fields": {
            "name": "Juniori",
            "active": true,
            "category": 4
        }
    },
    {
        "model": "championships.subcategory",
        "pk": 20,
        "fields": {
            "name": "Klasa 1",
            "active": true,
            "category": 4
        }
    },
    {
        "model": "championships.subcategory",
        "pk": 21,
        "fields": {
            "name": "Klasa 2",
            "active": true,
            "category": 4
        }
    },
    {
        "model": "championships.subcategory",
        "pk": 22,
        "fields": {
            "name": "Klasa 3",
            "active": true,
            "category": 4
        }
    },
    {
        "model": "championships.subcategory",
        "pk": 23,
        "fields": {
            "name": "Klasa 4",
            "active": true,
            "category": 4
        }
    },
    {
        "model": "championships.subcategory",
        "pk": 24,
        "fields": {
            "name": "Klasa 5",
            "active": true,
            "category": 4
        }
    },
    {
        "model": "championships.subcategory",
        "pk": 25,
        "fields": {
            "name": "Klasa 6",
            "active": true,
            "category": 4
        }
    },
    {
        "model": "championships.subcategory",
        "pk": 26,
        "fields": {
            "name": "Klasa 7",
            "active": true,
            "category": 4
        }
    },
    {
        "model": "championships.subcategory",
        "pk": 27,
        "fields": {
            "name": "General",
            "active": true,
            "category": 2
        }
    },
    {
        "model": "championships.subcategory",
        "pk": 28,
        "fields": {
            "name": "Grupa N",
            "active": true,
            "category": 3
        }
    },
    {
        "model": "drivers.driversubcategoryposition",
        "pk": 8,
        "fields": {
            "position": 17,
            "subcategory": 1,
            "driver": 8,
            "championship": 3
        }
    },
    {
        "model": "drivers.driversubcategoryposition",
        "pk": 9,
        "fields": {
            "position": 25,
            "subcategory": 24,
            "driver": 3,
            "championship": 6
        }
    },
    {
        "model": "drivers.driversubcategoryposition",
        "pk": 10,
        "fields": {
            "position": 3,
            "subcategory": 27,
            "driver": 3,
            "championship": 7
        }
    },
    {
        "model": "drivers.driversubcategoryposition",
        "pk": 11,
        "fields": {
            "position": 5,
            "subcategory": 27,
            "driver": 7,
            "championship": 7
        }
    },
    {
        "model": "drivers.driversubcategoryposition",
        "pk": 12,
        "fields": {
            "position": 6,
            "subcategory": 27,
            "driver": 6,
            "championship": 7
        }
    },
    {
        "model": "drivers.driversubcategoryposition",
        "pk": 13,
        "fields": {
            "position": 8,
            "subcategory": 27,
            "driver": 10,
            "championship": 7
        }
    },
    {
        "model": "drivers.driversubcategoryposition",
        "pk": 14,
        "fields": {
            "position": 1,
            "subcategory": 19,
            "driver": 9,
            "championship": 8
        }
    },
    {
        "model": "drivers.driversubcategoryposition",
        "pk": 15,
        "fields": {
            "position": 3,
            "subcategory": 19,
            "driver": 5,
            "championship": 8
        }
    },
    {
        "model": "drivers.driversubcategoryposition",
        "pk": 16,
        "fields": {
            "position": 5,
            "subcategory": 19,
            "driver": 10,
            "championship": 8
        }
    },
    {
        "model": "drivers.driversubcategoryposition",
        "pk": 17,
        "fields": {
            "position": 3,
            "subcategory": 18,
            "driver": 13,
            "championship": 8
        }
    },
    {
        "model": "drivers.driversubcategoryposition",
        "pk": 18,
        "fields": {
            "position": 4,
            "subcategory": 18,
            "driver": 1,
            "championship": 8
        }
    },
    {
        "model": "drivers.driversubcategoryposition",
        "pk": 19,
        "fields": {
            "position": 5,
            "subcategory": 21,
            "driver": 9,
            "championship": 8
        }
    },
    {
        "model": "drivers.driversubcategoryposition",
        "pk": 20,
        "fields": {
            "position": 14,
            "subcategory": 21,
            "driver": 3,
            "championship": 8
        }
    },
    {
        "model": "drivers.driversubcategoryposition",
        "pk": 21,
        "fields": {
            "position": 16,
            "subcategory": 21,
            "driver": 10,
            "championship": 8
        }
    },
    {
        "model": "drivers.driversubcategoryposition",
        "pk": 22,
        "fields": {
            "position": 10,
            "subcategory": 22,
            "driver": 2,
            "championship": 8
        }
    },
    {
        "model": "drivers.driversubcategoryposition",
        "pk": 23,
        "fields": {
            "position": 6,
            "subcategory": 23,
            "driver": 11,
            "championship": 8
        }
    },
    {
        "model": "drivers.driversubcategoryposition",
        "pk": 24,
        "fields": {
            "position": 8,
            "subcategory": 23,
            "driver": 14,
            "championship": 8
        }
    },
    {
        "model": "drivers.driversubcategoryposition",
        "pk": 25,
        "fields": {
            "position": 16,
            "subcategory": 23,
            "driver": 13,
            "championship": 8
        }
    },
    {
        "model": "drivers.driversubcategoryposition",
        "pk": 26,
        "fields": {
            "position": 17,
            "subcategory": 23,
            "driver": 8,
            "championship": 8
        }
    },
    {
        "model": "drivers.driversubcategoryposition",
        "pk": 27,
        "fields": {
            "position": 6,
            "subcategory": 24,
            "driver": 12,
            "championship": 8
        }
    },
    {
        "model": "drivers.driversubcategoryposition",
        "pk": 28,
        "fields": {
            "position": 5,
            "subcategory": 24,
            "driver": 5,
            "championship": 8
        }
    },
    {
        "model": "drivers.driversubcategoryposition",
        "pk": 29,
        "fields": {
            "position": 4,
            "subcategory": 27,
            "driver": 7,
            "championship": 9
        }
    },
    {
        "model": "drivers.driversubcategoryposition",
        "pk": 30,
        "fields": {
            "position": 9,
            "subcategory": 27,
            "driver": 3,
            "championship": 9
        }
    },
    {
        "model": "drivers.driversubcategoryposition",
        "pk": 31,
        "fields": {
            "position": 11,
            "subcategory": 27,
            "driver": 6,
            "championship": 9
        }
    },
    {
        "model": "drivers.driversubcategoryposition",
        "pk": 32,
        "fields": {
            "position": 13,
            "subcategory": 27,
            "driver": 10,
            "championship": 9
        }
    },
    {
        "model": "drivers.driversubcategoryposition",
        "pk": 33,
        "fields": {
            "position": 1,
            "subcategory": 5,
            "driver": 8,
            "championship": 3
        }
    },
    {
        "model": "drivers.driversubcategoryposition",
        "pk": 34,
        "fields": {
            "position": 23,
            "subcategory": 1,
            "driver": 8,
            "championship": 10
        }
    },
    {
        "model": "drivers.driversubcategoryposition",
        "pk": 35,
        "fields": {
            "position": 4,
            "subcategory": 28,
            "driver": 8,
            "championship": 10
        }
    },
    {
        "model": "drivers.driversubcategoryposition",
        "pk": 36,
        "fields": {
            "position": 6,
            "subcategory": 28,
            "driver": 5,
            "championship": 10
        }
    },
    {
        "model": "drivers.driversubcategoryposition",
        "pk": 37,
        "fields": {
            "position": 1,
            "subcategory": 5,
            "driver": 8,
            "championship": 10
        }
    },
    {
        "model": "drivers.driversubcategoryposition",
        "pk": 38,
        "fields": {
            "position": 3,
            "subcategory": 5,
            "driver": 5,
            "championship": 10
        }
    },
    {
        "model": "drivers.driversubcategoryposition",
        "pk": 39,
        "fields": {
            "position": 1,
            "subcategory": 19,
            "driver": 9,
            "championship": 11
        }
    },
    {
        "model": "drivers.driversubcategoryposition",
        "pk": 40,
        "fields": {
            "position": 2,
            "subcategory": 19,
            "driver": 5,
            "championship": 11
        }
    },
    {
        "model": "drivers.driversubcategoryposition",
        "pk": 41,
        "fields": {
            "position": 3,
            "subcategory": 18,
            "driver": 13,
            "championship": 11
        }
    },
    {
        "model": "drivers.driversubcategoryposition",
        "pk": 42,
        "fields": {
            "position": 3,
            "subcategory": 24,
            "driver": 5,
            "championship": 11
        }
    },
    {
        "model": "drivers.driversubcategoryposition",
        "pk": 43,
        "fields": {
            "position": 1,
            "subcategory": 19,
            "driver": 9,
            "championship": 12
        }
    },
    {
        "model": "drivers.driversubcategoryposition",
        "pk": 44,
        "fields": {
            "position": 2,
            "subcategory": 19,
            "driver": 5,
            "championship": 12
        }
    },
    {
        "model": "drivers.driversubcategoryposition",
        "pk": 45,
        "fields": {
            "position": 2,
            "subcategory": 18,
            "driver": 13,
            "championship": 12
        }
    },
    {
        "model": "drivers.driversubcategoryposition",
        "pk": 46,
        "fields": {
            "position": 3,
            "subcategory": 18,
            "driver": 1,
            "championship": 12
        }
    },
    {
        "model": "drivers.driversubcategoryposition",
        "pk": 47,
        "fields": {
            "position": 3,
            "subcategory": 21,
            "driver": 9,
            "championship": 12
        }
    },
    {
        "model": "drivers.driversubcategoryposition",
        "pk": 48,
        "fields": {
            "position": 3,
            "subcategory": 23,
            "driver": 11,
            "championship": 12
        }
    },
    {
        "model": "drivers.driversubcategoryposition",
        "pk": 49,
        "fields": {
            "position": 2,
            "subcategory": 24,
            "driver": 5,
            "championship": 12
        }
    },
    {
        "model": "championships.organizer",
        "pk": 1,
        "fields": {
            "name": "drift.hr"
        }
    },
    {
        "model": "championships.organizer",
        "pk": 2,
        "fields": {
            "name": "FIA"
        }
    },
    {
        "model": "championships.organizer",
        "pk": 3,
        "fields": {
            "name": "HAKS"
        }
    },
    {
        "model": "championships.organizer",
        "pk": 4,
        "fields": {
            "name": "Global"
        }
    },
    {
        "model": "championships.organizer",
        "pk": 5,
        "fields": {
            "name": "Auto i karting savez Istre"
        }
    }
]